"","T_lev","P_lev","Biv_Norm_Prob","period"
"1",0,-12.5,0,2007
"2",1,-12.5,0,2007
"3",2,-12.5,0,2007
"4",3,-12.5,0,2007
"5",4,-12.5,0,2007
"6",5,-12.5,0,2007
"7",0,0,1,2007
"8",1,0,0,2007
"9",2,0,0,2007
"10",3,0,0,2007
"11",4,0,0,2007
"12",5,0,0,2007
"13",0,12.5,0,2007
"14",1,12.5,0,2007
"15",2,12.5,0,2007
"16",3,12.5,0,2007
"17",4,12.5,0,2007
"18",5,12.5,0,2007
"19",0,-12.5,0,2008
"21",1,-12.5,0,2008
"31",2,-12.5,0,2008
"41",3,-12.5,0,2008
"51",4,-12.5,0,2008
"61",5,-12.5,0,2008
"71",0,0,1,2008
"81",1,0,2.65818167823906e-307,2008
"91",2,0,0,2008
"101",3,0,0,2008
"111",4,0,0,2008
"121",5,0,0,2008
"131",0,12.5,0,2008
"141",1,12.5,0,2008
"151",2,12.5,0,2008
"161",3,12.5,0,2008
"171",4,12.5,0,2008
"181",5,12.5,0,2008
"110",0,-12.5,0,2009
"22",1,-12.5,0,2009
"32",2,-12.5,0,2009
"42",3,-12.5,0,2009
"52",4,-12.5,0,2009
"62",5,-12.5,0,2009
"72",0,0,1,2009
"82",1,0,6.78747185397263e-115,2009
"92",2,0,0,2009
"102",3,0,0,2009
"112",4,0,0,2009
"122",5,0,0,2009
"132",0,12.5,0,2009
"142",1,12.5,0,2009
"152",2,12.5,0,2009
"162",3,12.5,0,2009
"172",4,12.5,0,2009
"182",5,12.5,0,2009
"113",0,-12.5,0,2010
"23",1,-12.5,0,2010
"33",2,-12.5,0,2010
"43",3,-12.5,0,2010
"53",4,-12.5,0,2010
"63",5,-12.5,0,2010
"73",0,0,1,2010
"83",1,0,1.10776533545502e-63,2010
"93",2,0,1.44126053009284e-303,2010
"103",3,0,0,2010
"114",4,0,0,2010
"123",5,0,0,2010
"133",0,12.5,0,2010
"143",1,12.5,0,2010
"153",2,12.5,0,2010
"163",3,12.5,0,2010
"173",4,12.5,0,2010
"183",5,12.5,0,2010
"115",0,-12.5,1.49242799929637e-289,2011
"24",1,-12.5,0,2011
"34",2,-12.5,0,2011
"44",3,-12.5,0,2011
"54",4,-12.5,0,2011
"64",5,-12.5,0,2011
"74",0,0,1,2011
"84",1,0,3.26773339785659e-45,2011
"94",2,0,6.65454813763085e-229,2011
"104",3,0,0,2011
"116",4,0,0,2011
"124",5,0,0,2011
"134",0,12.5,0,2011
"144",1,12.5,8.06508120842359e-216,2011
"154",2,12.5,1.9375043070391e-231,2011
"164",3,12.5,0,2011
"174",4,12.5,0,2011
"184",5,12.5,0,2011
"117",0,-12.5,3.56494238876026e-192,2012
"25",1,-12.5,5.06884535243928e-315,2012
"35",2,-12.5,0,2012
"45",3,-12.5,0,2012
"55",4,-12.5,0,2012
"65",5,-12.5,0,2012
"75",0,0,1,2012
"85",1,0,6.25746385570394e-24,2012
"95",2,0,9.55710079038392e-129,2012
"105",3,0,3.56273439755206e-315,2012
"118",4,0,0,2012
"125",5,0,0,2012
"135",0,12.5,8.73766492901439e-226,2012
"145",1,12.5,2.40622124828534e-149,2012
"155",2,12.5,1.61735440376895e-154,2012
"165",3,12.5,2.65340962355336e-241,2012
"175",4,12.5,0,2012
"185",5,12.5,0,2012
"119",0,-12.5,1.32514194784352e-134,2013
"26",1,-12.5,7.57623151550689e-225,2013
"36",2,-12.5,0,2013
"46",3,-12.5,0,2013
"56",4,-12.5,0,2013
"66",5,-12.5,0,2013
"76",0,0,1,2013
"86",1,0,8.12675521670815e-17,2013
"96",2,0,2.75591135340028e-100,2013
"106",3,0,3.89981670912805e-251,2013
"1110",4,0,0,2013
"126",5,0,0,2013
"136",0,12.5,4.44429916881618e-165,2013
"146",1,12.5,5.13389293955923e-107,2013
"156",2,12.5,2.47469235270447e-116,2013
"166",3,12.5,4.97767469991103e-193,2013
"176",4,12.5,0,2013
"186",5,12.5,0,2013
"120",0,-12.5,1.07062106968206e-103,2014
"27",1,-12.5,5.1278115900074e-173,2014
"37",2,-12.5,1.10574423688517e-293,2014
"47",3,-12.5,0,2014
"57",4,-12.5,0,2014
"67",5,-12.5,0,2014
"77",0,0,0.999999999977805,2014
"87",1,0,2.21950825834219e-11,2014
"97",2,0,2.21788938238833e-73,2014
"107",3,0,9.9781344070123e-187,2014
"1111",4,0,0,2014
"127",5,0,0,2014
"137",0,12.5,1.22888990172555e-130,2014
"147",1,12.5,1.26395098426226e-82,2014
"157",2,12.5,5.85293688113058e-86,2014
"167",3,12.5,1.22023590591104e-140,2014
"177",4,12.5,1.14535498629466e-246,2014
"187",5,12.5,0,2014
"128",0,-12.5,1.59806525689114e-78,2015
"28",1,-12.5,3.29553477570262e-131,2015
"38",2,-12.5,7.92432674304569e-227,2015
"48",3,-12.5,0,2015
"58",4,-12.5,0,2015
"68",5,-12.5,0,2015
"78",0,0,0.999999917964887,2015
"88",1,0,8.20351127974882e-08,2015
"98",2,0,7.84701858689554e-58,2015
"108",3,0,8.75214833280049e-151,2015
"1112",4,0,1.13822925645717e-286,2015
"129",5,0,0,2015
"138",0,12.5,2.09462430713527e-102,2015
"148",1,12.5,6.83556441632971e-64,2015
"158",2,12.5,2.60104405531465e-68,2015
"168",3,12.5,1.15405397838129e-115,2015
"178",4,12.5,5.97048516163317e-206,2015
"188",5,12.5,0,2015
"130",0,-12.5,6.6383533645279e-62,2016
"29",1,-12.5,1.16187377283808e-101,2016
"39",2,-12.5,7.60090980566199e-176,2016
"49",3,-12.5,1.85857571686506e-284,2016
"59",4,-12.5,0,2016
"69",5,-12.5,0,2016
"79",0,0,0.99997464956893,2016
"89",1,0,2.5350431069902e-05,2016
"99",2,0,2.40209265803083e-44,2016
"109",3,0,8.50750497522918e-118,2016
"1113",4,0,1.126218654029e-225,2016
"1210",5,0,0,2016
"139",0,12.5,1.32592724621171e-81,2016
"149",1,12.5,4.86870913403241e-51,2016
"159",2,12.5,6.68214681414041e-55,2016
"169",3,12.5,3.42788501658178e-93,2016
"179",4,12.5,6.572710848316e-166,2016
"189",5,12.5,4.71054174460084e-273,2016
"140",0,-12.5,2.45608937318988e-49,2017
"210",1,-12.5,8.0479882013497e-79,2017
"310",2,-12.5,2.52865182462677e-136,2017
"410",3,-12.5,7.61814573780235e-222,2017
"510",4,-12.5,0,2017
"610",5,-12.5,0,2017
"710",0,0,0.997598666266683,2017
"810",1,0,0.00240133373331661,2017
"910",2,0,5.54252578518547e-34,2017
"1010",3,0,1.22665225413801e-92,2017
"1114",4,0,2.60311730214319e-179,2017
"1211",5,0,5.29693391787213e-294,2017
"1310",0,12.5,1.32732599646093e-65,2017
"1410",1,12.5,2.34707927863894e-41,2017
"1510",2,12.5,3.97957282594329e-45,2017
"1610",3,12.5,6.46999123960724e-77,2017
"1710",4,12.5,1.00862439305742e-136,2017
"1810",5,12.5,1.50769599152571e-224,2017
"150",0,-12.5,1.08812221253681e-40,2018
"211",1,-12.5,4.27407672550668e-66,2018
"311",2,-12.5,2.81255497791636e-117,2018
"411",3,-12.5,3.10065749040727e-194,2018
"511",4,-12.5,5.72664996458977e-297,2018
"611",5,-12.5,0,2018
"711",0,0,0.968038834703284,2018
"811",1,0,0.0319611652967161,2018
"911",2,0,1.76785441914976e-29,2018
"1011",3,0,1.63819071472689e-82,2018
"1115",4,0,2.54317642950056e-161,2018
"1212",5,0,6.61428018420242e-266,2018
"1311",0,12.5,1.03956565975632e-56,2018
"1411",1,12.5,2.88500743528664e-34,2018
"1511",2,12.5,1.34133117000994e-37,2018
"1611",3,12.5,1.0447663234245e-66,2018
"1711",4,12.5,1.36331553001515e-121,2018
"1811",5,12.5,2.98035273159625e-202,2018
"160",0,-12.5,2.51528218989492e-34,2019
"212",1,-12.5,1.54001885793658e-53,2019
"312",2,-12.5,3.94865360247975e-93,2019
"412",3,-12.5,4.23990093141735e-153,2019
"512",4,-12.5,1.90654059103676e-233,2019
"612",5,-12.5,0,2019
"712",0,0,0.731511798881482,2019
"812",1,0,0.268488201118518,2019
"912",2,0,4.12679360947946e-22,2019
"1012",3,0,2.65634187214451e-63,2019
"1116",4,0,7.16042601103471e-125,2019
"1213",5,0,8.08309027992493e-207,2019
"1312",0,12.5,1.64728597647447e-47,2019
"1412",1,12.5,3.62441081256555e-29,2019
"1512",2,12.5,3.33956197947324e-31,2019
"1612",3,12.5,1.2886212038743e-53,2019
"1712",4,12.5,2.08230677937735e-96,2019
"1812",5,12.5,1.40911950822379e-159,2019
"170",0,-12.5,2.09641425638856e-29,2020
"213",1,-12.5,6.9040442758754e-45,2020
"313",2,-12.5,4.80121804390307e-78,2020
"413",3,-12.5,7.05051254379249e-129,2020
"513",4,-12.5,2.18630801984659e-197,2020
"613",5,-12.5,1.43160565230062e-283,2020
"713",0,0,0.33655627429366,2020
"813",1,0,0.66344372570634,2020
"913",2,0,2.7616706816062e-18,2020
"1013",3,0,2.42751032540427e-53,2020
"1117",4,0,4.50579761247862e-106,2020
"1214",5,0,1.76605275903189e-176,2020
"1313",0,12.5,3.11970225495578e-41,2020
"1413",1,12.5,3.68111582994551e-25,2020
"1513",2,12.5,9.17206698452859e-27,2020
"1613",3,12.5,4.82587813392318e-46,2020
"1713",4,12.5,5.36175396700218e-83,2020
"1813",5,12.5,1.25793676792006e-137,2020
"180",0,-12.5,1.05161796821727e-25,2021
"214",1,-12.5,1.45300784672994e-39,2021
"314",2,-12.5,3.86151458990444e-70,2021
"414",3,-12.5,1.97390914561835e-117,2021
"514",4,-12.5,1.94078039812293e-181,2021
"614",5,-12.5,3.67033236932588e-262,2021
"714",0,0,0.113430324427645,2021
"814",1,0,0.886569675572354,2021
"914",2,0,1.33283481843589e-16,2021
"1014",3,0,3.85406952976132e-49,2021
"1118",4,0,2.14359393630315e-98,2021
"1215",5,0,2.29321753086077e-164,2021
"1314",0,12.5,7.79924311697149e-38,2021
"1414",1,12.5,3.44833851763161e-22,2021
"1514",2,12.5,2.93256121767477e-23,2021
"1614",3,12.5,4.7969372704849e-41,2021
"1714",4,12.5,1.50924849126166e-75,2021
"1814",5,12.5,9.13349972996626e-127,2021
"190",0,-12.5,6.06625477373045e-23,2022
"215",1,-12.5,2.00480133408467e-34,2022
"315",2,-12.5,3.68055649745631e-60,2022
"415",3,-12.5,3.75359216636788e-100,2022
"515",4,-12.5,2.12653301156195e-154,2022
"615",5,-12.5,6.69250375042779e-223,2022
"715",0,0,0.0438926303417492,2022
"815",1,0,0.956107369658135,2022
"915",2,0,1.15694622521145e-13,2022
"1015",3,0,7.77698265899961e-41,2022
"1119",4,0,2.90402624617647e-82,2022
"1216",5,0,6.02395048074228e-138,2022
"1315",0,12.5,3.24701816358351e-34,2022
"1415",1,12.5,4.66191271554111e-20,2022
"1515",2,12.5,3.71821935654437e-20,2022
"1615",3,12.5,1.64739341717391e-34,2022
"1715",4,12.5,4.0546287409608e-63,2022
"1815",5,12.5,5.54365649803213e-106,2022
"191",0,-12.5,1.91138573256515e-20,2023
"216",1,-12.5,1.47319635504607e-29,2023
"316",2,-12.5,3.29830447894142e-51,2023
"416",3,-12.5,2.14505615758329e-85,2023
"516",4,-12.5,4.05232623835993e-132,2023
"616",5,-12.5,2.22376018301616e-191,2023
"716",0,0,0.0212382497897931,2023
"816",1,0,0.978761750197105,2023
"916",2,0,1.31024667567976e-11,2023
"1016",3,0,5.09503248385309e-35,2023
"1120",4,0,5.75517668501319e-71,2023
"1217",5,0,1.88837472106711e-119,2023
"1316",0,12.5,2.40344171501496e-30,2023
"1416",1,12.5,6.62274186630565e-18,2023
"1516",2,12.5,5.30102526766928e-18,2023
"1616",3,12.5,1.23253634278831e-30,2023
"1716",4,12.5,8.32448560108115e-56,2023
"1816",5,12.5,1.63317563508972e-93,2023
"192",0,-12.5,2.50555813983269e-18,2024
"217",1,-12.5,1.51588494116887e-25,2024
"317",2,-12.5,1.3350126078451e-44,2024
"417",3,-12.5,1.71144075687375e-75,2024
"517",4,-12.5,3.19371198289234e-118,2024
"617",5,-12.5,8.67534989596242e-173,2024
"717",0,0,0.00839022657980753,2024
"817",1,0,0.991609773249597,2024
"917",2,0,1.70594600954605e-10,2024
"1017",3,0,4.27215637263593e-32,2024
"1121",4,0,1.55735052483496e-65,2024
"1218",5,0,8.26386056864297e-111,2024
"1317",0,12.5,2.48532277828885e-27,2024
"1417",1,12.5,5.73793025192813e-16,2024
"1517",2,12.5,1.92834663344446e-16,2024
"1617",3,12.5,9.43348835449649e-29,2024
"1717",4,12.5,6.71764277928985e-53,2024
"1817",5,12.5,6.96336032340027e-89,2024
"193",0,-12.5,9.91571288750743e-17,2025
"218",1,-12.5,2.35123956745345e-22,2025
"318",2,-12.5,2.64794146788207e-38,2025
"418",3,-12.5,1.4163103898988e-64,2025
"518",4,-12.5,3.597883213936e-101,2025
"618",5,-12.5,4.34084465559363e-148,2025
"718",0,0,0.00483135966314307,2025
"818",1,0,0.995168630601237,2025
"918",2,0,9.73559608859094e-09,2025
"1018",3,0,4.52342066866745e-27,2025
"1122",4,0,9.98182541244444e-56,2025
"1219",5,0,1.04614412842761e-94,2025
"1318",0,12.5,7.30367678168118e-25,2025
"1418",1,12.5,1.3068424246742e-14,2025
"1518",2,12.5,1.11056367650068e-14,2025
"1618",3,12.5,4.48231388404023e-25,2025
"1718",4,12.5,8.59210602516847e-46,2025
"1818",5,12.5,7.82231949300822e-77,2025
"194",0,-12.5,2.36671986896337e-15,2026
"219",1,-12.5,1.10981530568859e-19,2026
"319",2,-12.5,1.79377571560293e-33,2026
"419",3,-12.5,9.99307501182754e-57,2026
"519",4,-12.5,1.9188619523316e-89,2026
"619",5,-12.5,1.2699946542369e-131,2026
"719",0,0,0.00290855153470386,2026
"819",1,0,0.997091330648127,2026
"919",2,0,1.1781665663728e-07,2026
"1019",3,0,4.79835113146053e-24,2026
"1123",4,0,6.73582714079195e-50,2026
"1220",5,0,3.25914301770612e-85,2026
"1319",0,12.5,1.0911939561987e-22,2026
"1419",1,12.5,2.73472998696137e-13,2026
"1519",2,12.5,2.36232981230394e-13,2026
"1619",3,12.5,7.03364080073669e-23,2026
"1719",4,12.5,7.21827489931377e-42,2026
"1819",5,12.5,2.55329048366605e-70,2026
"195",0,-12.5,3.4875743823157e-14,2027
"220",1,-12.5,1.26582667839278e-17,2027
"320",2,-12.5,1.2415950868072e-29,2027
"420",3,-12.5,3.29109714108982e-50,2027
"520",4,-12.5,2.35752546399385e-79,2027
"620",5,-12.5,4.56380477604276e-117,2027
"720",0,0,0.0020770413495794,2027
"820",1,0,0.997921662947823,2027
"920",2,0,1.29569485262265e-06,2027
"1020",3,0,4.54636177557414e-21,2027
"1124",4,0,4.31102185907026e-44,2027
"1221",5,0,1.10471800777624e-75,2027
"1320",0,12.5,4.45909443158041e-21,2027
"1420",1,12.5,2.83594967455378e-12,2027
"1520",2,12.5,4.87422244367768e-12,2027
"1620",3,12.5,2.26395163909242e-20,2027
"1720",4,12.5,2.84173725642068e-37,2027
"1820",5,12.5,9.63952583930241e-63,2027
"196",0,-12.5,3.72094391438789e-13,2028
"221",1,-12.5,5.26073707569952e-16,2028
"321",2,-12.5,6.2928212433722e-27,2028
"421",3,-12.5,6.36868133183087e-46,2028
"521",4,-12.5,5.45329469659752e-73,2028
"621",5,-12.5,3.95069717516325e-108,2028
"721",0,0,0.00142745553649007,2028
"821",1,0,0.998566634251825,2028
"921",2,0,5.91012732395101e-06,2028
"1021",3,0,2.95952456428361e-19,2028
"1125",4,0,1.2538696378778e-40,2028
"1222",5,0,4.49457000012195e-70,2028
"1321",0,12.5,6.17671716720415e-20,2028
"1421",1,12.5,2.13792844159831e-11,2028
"1521",2,12.5,6.26085923791863e-11,2028
"1621",3,12.5,1.55124373258539e-18,2028
"1721",4,12.5,3.25185719481051e-34,2028
"1821",5,12.5,5.76750813947958e-58,2028
"197",0,-12.5,2.70431789363897e-12,2029
"222",1,-12.5,1.79879694803083e-14,2029
"322",2,-12.5,2.88074525339361e-24,2029
"422",3,-12.5,1.11077444739383e-41,2029
"522",4,-12.5,1.03120549543932e-66,2029
"622",5,-12.5,2.30495722180915e-99,2029
"722",0,0,0.00100434773608724,2029
"822",1,0,0.998971728319649,2029
"922",2,0,2.39232733579648e-05,2029
"1022",3,0,1.37938760960373e-17,2029
"1126",4,0,1.91491874794278e-37,2029
"1223",5,0,6.40048220212914e-65,2029
"1322",0,12.5,9.80653579775708e-19,2029
"1422",1,12.5,1.45857714070663e-10,2029
"1522",2,12.5,5.22325826786561e-10,2029
"1622",3,12.5,4.50351807906992e-17,2029
"1722",4,12.5,9.34890256010228e-32,2029
"1822",5,12.5,4.67269752247454e-54,2029
"198",0,-12.5,1.71303344417061e-11,2030
"223",1,-12.5,2.87815871953782e-13,2030
"323",2,-12.5,3.75439354752545e-22,2030
"423",3,-12.5,3.80225295854495e-38,2030
"523",4,-12.5,2.98963641673591e-61,2030
"623",5,-12.5,1.82503795302524e-91,2030
"723",0,0,0.000904524129760069,2030
"823",1,0,0.999009807743861,2030
"923",2,0,8.56634386812277e-05,2030
"1023",3,0,5.70292174699865e-16,2030
"1127",4,0,2.94764703552676e-34,2030
"1224",5,0,1.18285007097424e-59,2030
"1323",0,12.5,9.69256950787228e-18,2030
"1423",1,12.5,7.03702697996779e-10,2030
"1523",2,12.5,3.966574950676e-09,2030
"1623",3,12.5,1.73587428887801e-15,2030
"1723",4,12.5,5.89789495288679e-29,2030
"1823",5,12.5,1.55579349895333e-49,2030
"199",0,-12.5,8.5503213423022e-11,2031
"224",1,-12.5,3.24766132375988e-12,2031
"324",2,-12.5,2.05121391364013e-20,2031
"424",3,-12.5,2.15428470484221e-35,2031
"524",4,-12.5,3.76224580174446e-57,2031
"624",5,-12.5,1.09255462138851e-85,2031
"724",0,0,0.000773406071559022,2031
"824",1,0,0.99901199076479,2031
"924",2,0,0.000214578274494681,2031
"1024",3,0,7.66395101572563e-15,2031
"1128",4,0,4.55167888793337e-32,2031
"1225",5,0,4.49513185474773e-56,2031
"1324",0,12.5,6.79840894144598e-17,2031
"1424",1,12.5,2.98638115276509e-09,2031
"1524",2,12.5,2.18139900707565e-08,2031
"1624",3,12.5,2.64957922634591e-14,2031
"1724",4,12.5,5.35143966094441e-27,2031
"1824",5,12.5,1.79728222759619e-46,2031
"1100",0,-12.5,3.92734470132756e-10,2032
"225",1,-12.5,2.89670282801412e-11,2032
"325",2,-12.5,1.52216464684547e-18,2032
"425",3,-12.5,5.69865130508335e-32,2032
"525",4,-12.5,1.51997099858111e-51,2032
"625",5,-12.5,2.88835975106662e-77,2032
"725",0,0,0.000955325321848458,2032
"825",1,0,0.99830131754532,2032
"925",2,0,0.000743232623532483,2032
"1025",3,0,3.94221811777412e-13,2032
"1129",4,0,1.48973595561524e-28,2032
"1226",5,0,4.01079731203813e-50,2032
"1325",0,12.5,7.25776466208756e-16,2032
"1425",1,12.5,1.07453030698346e-08,2032
"1525",2,12.5,1.13341047409106e-07,2032
"1625",3,12.5,8.51742933939272e-13,2032
"1725",4,12.5,4.56018668370494e-24,2032
"1825",5,12.5,1.73944006817888e-41,2032
"1101",0,-12.5,1.21174343447217e-09,2033
"226",1,-12.5,2.88851931865117e-10,2033
"326",2,-12.5,1.37463643408213e-16,2033
"426",3,-12.5,1.30601569868197e-28,2033
"526",4,-12.5,2.47717630361615e-46,2033
"626",5,-12.5,9.38022831808756e-70,2033
"726",0,0,0.000889271846397609,2033
"826",1,0,0.996879262251127,2033
"926",2,0,0.00223099477360663,2033
"1026",3,0,9.96787348101987e-12,2033
"1130",4,0,8.89107868872778e-26,2033
"1227",5,0,1.58326774278643e-45,2033
"1326",0,12.5,7.72974261790279e-15,2033
"1426",1,12.5,4.07489543547411e-08,2033
"1526",2,12.5,4.28860332037714e-07,2033
"1626",3,12.5,9.01079810142441e-12,2033
"1726",4,12.5,3.77971116085648e-22,2033
"1826",5,12.5,3.16520570658361e-38,2033
"1102",0,-12.5,3.69375697230126e-09,2034
"227",1,-12.5,1.75472917587286e-09,2034
"327",2,-12.5,3.95243037838718e-15,2034
"427",3,-12.5,4.22114929213548e-26,2034
"527",4,-12.5,2.13751685758808e-42,2034
"627",5,-12.5,5.13216649271343e-64,2034
"727",0,0,0.000850838358214743,2034
"827",1,0,0.993645413029613,2034
"927",2,0,0.00550209589676507,2034
"1027",3,0,1.44456547570681e-10,2034
"1131",4,0,1.79828556977912e-23,2034
"1228",5,0,1.06143264309674e-41,2034
"1327",0,12.5,3.92596980036639e-14,2034
"1427",1,12.5,1.12712976240394e-07,2034
"1527",2,12.5,1.53431041518792e-06,2034
"1627",3,12.5,9.90295717283017e-11,2034
"1727",4,12.5,3.0306021075941e-20,2034
"1827",5,12.5,4.3974943818493e-35,2034
"1103",0,-12.5,7.2210320875749e-09,2035
"228",1,-12.5,1.155295035691e-08,2035
"328",2,-12.5,1.59542409143987e-13,2035
"428",3,-12.5,1.90173058231802e-23,2035
"528",4,-12.5,1.95664231560963e-38,2035
"628",5,-12.5,1.73765477818965e-58,2035
"728",0,0,0.000704096105085318,2035
"828",1,0,0.987340661641203,2035
"928",2,0,0.0119506550313411,2035
"1028",3,0,1.24855018604283e-09,2035
"1132",4,0,1.12592614369077e-21,2035
"1229",5,0,8.76402099796243e-39,2035
"1328",0,12.5,3.20073621764565e-13,2035
"1428",1,12.5,3.93392806122245e-07,2035
"1528",2,12.5,4.17342438991704e-06,2035
"1628",3,12.5,3.82162695932313e-10,2035
"1728",4,12.5,3.02060293755418e-19,2035
"1828",5,12.5,2.06076559500933e-33,2035
"1104",0,-12.5,1.8059373820278e-08,2036
"229",1,-12.5,4.5878433741128e-08,2036
"329",2,-12.5,2.18773107701431e-12,2036
"429",3,-12.5,1.95820766896419e-21,2036
"529",4,-12.5,3.29005392322769e-35,2036
"629",5,-12.5,1.03759230634647e-53,2036
"729",0,0,0.00071634469765727,2036
"829",1,0,0.974392063317471,2036
"929",2,0,0.0248785395917062,2036
"1029",3,0,1.19232729517157e-08,2036
"1133",4,0,1.07261915173757e-19,2036
"1230",5,0,1.81123610164314e-35,2036
"1329",0,12.5,1.21417312655359e-12,2036
"1429",1,12.5,8.84296885956479e-07,2036
"1529",2,12.5,1.2089129585127e-05,2036
"1629",3,12.5,3.1022116753501e-09,2036
"1729",4,12.5,1.49426381953436e-17,2036
"1829",5,12.5,1.35102253161317e-30,2036
"1105",0,-12.5,3.42886810105926e-08,2037
"230",1,-12.5,1.66815795609634e-07,2037
"330",2,-12.5,2.19128147420836e-11,2037
"430",3,-12.5,7.77201745329984e-20,2037
"530",4,-12.5,7.44293063380486e-33,2037
"630",5,-12.5,1.92454814486002e-50,2037
"730",0,0,0.000568728056488846,2037
"830",1,0,0.956008612160781,2037
"930",2,0,0.0433903906345123,2037
"1030",3,0,5.31740720349785e-08,2037
"1134",4,0,1.75946601771964e-18,2037
"1231",5,0,1.57194175886592e-33,2037
"1330",0,12.5,3.30294645630967e-12,2037
"1430",1,12.5,1.91835705726663e-06,2037
"1530",2,12.5,3.00837491664325e-05,2037
"1630",3,12.5,1.27382297580373e-08,2037
"1730",4,12.5,1.45633337062507e-16,2037
"1830",5,12.5,4.49559447132785e-29,2037
"1106",0,-12.5,6.74785881958269e-08,2038
"231",1,-12.5,4.94405413715294e-07,2038
"331",2,-12.5,1.48619016188166e-10,2038
"431",3,-12.5,1.83290299563078e-18,2038
"531",4,-12.5,9.27424392852787e-31,2038
"631",5,-12.5,1.9252692846661e-47,2038
"731",0,0,0.000500450767679551,2038
"831",1,0,0.928715676936508,2038
"931",2,0,0.0707095588734351,2038
"1031",3,0,2.20875432851249e-07,2038
"1135",4,0,2.83067907027965e-17,2038
"1232",5,0,1.48835931008548e-31,2038
"1331",0,12.5,7.70654138932716e-12,2038
"1431",1,12.5,3.62230586310238e-06,2038
"1531",2,12.5,6.98529347395417e-05,2038
"1631",3,12.5,5.52660123107751e-08,2038
"1731",4,12.5,1.79393018073088e-15,2038
"1831",5,12.5,2.3890590147177e-27,2038
"1107",0,-12.5,1.11487349628643e-07,2039
"232",1,-12.5,1.34370838574574e-06,2039
"332",2,-12.5,7.90721707004926e-10,2039
"432",3,-12.5,2.27185962019791e-17,2039
"532",4,-12.5,3.18697400563242e-29,2039
"632",5,-12.5,2.18280403200322e-45,2039
"732",0,0,0.000363900503505141,2039
"832",1,0,0.892583299742182,2039
"932",2,0,0.106894178696441,2039
"1032",3,0,6.25026671392128e-07,2039
"1136",4,0,1.7843590296001e-16,2039
"1233",5,0,2.48716806716336e-30,2039
"1332",0,12.5,1.23458515678353e-11,2039
"1432",1,12.5,6.16273957545955e-06,2039
"1532",2,12.5,0.000150198563024324,2039
"1632",3,12.5,1.78729786732964e-07,2039
"1732",4,12.5,1.03840625148112e-14,2039
"1832",5,12.5,2.94562087121731e-26,2039
"1108",0,-12.5,1.93179183931e-07,2040
"233",1,-12.5,3.18331054502724e-06,2040
"333",2,-12.5,4.66266477043837e-09,2040
"433",3,-12.5,6.0705198044213e-16,2040
"533",4,-12.5,7.02512525405922e-27,2040
"633",5,-12.5,7.22634625208787e-42,2040
"733",0,0,0.000369283380989148,2040
"833",1,0,0.83250049867092,2040
"933",2,0,0.16681908888443,2040
"1033",3,0,2.97127939348673e-06,2040
"1137",4,0,4.70411294761673e-15,2040
"1234",5,0,6.61985526326564e-28,2040
"1333",0,12.5,3.46979297490818e-11,2040
"1433",1,12.5,1.0701246315292e-05,2040
"1533",2,12.5,0.000293360516264254,2040
"1633",3,12.5,7.14834435624156e-07,2040
"1733",4,12.5,1.54826670119156e-13,2040
"1833",5,12.5,2.98072963163107e-24,2040
"1109",0,-12.5,2.62740750620251e-07,2041
"234",1,-12.5,6.98273965597952e-06,2041
"334",2,-12.5,2.37222248455631e-08,2041
"434",3,-12.5,1.03018717686342e-14,2041
"534",4,-12.5,5.71884091356331e-25,2041
"634",5,-12.5,4.05817756213949e-39,2041
"734",0,0,0.000313905040411618,2041
"834",1,0,0.762414240499483,2041
"934",2,0,0.236709050720145,2041
"1034",3,0,9.3944180432665e-06,2041
"1138",4,0,4.76602212604219e-14,2041
"1235",5,0,3.09081762723881e-26,2041
"1334",0,12.5,8.34713295021929e-11,2041
"1434",1,12.5,1.85278206264448e-05,2041
"1534",2,12.5,0.000525705472773279,2041
"1634",3,12.5,1.90674147282388e-06,2041
"1734",4,12.5,8.84040744174332e-13,2041
"1834",5,12.5,5.23942833094756e-23,2041
"1139",0,-12.5,3.40749065497502e-07,2042
"235",1,-12.5,1.3636124782601e-05,2042
"335",2,-12.5,9.64362444401724e-08,2042
"435",3,-12.5,1.20526526468108e-13,2042
"535",4,-12.5,2.66206111082678e-23,2042
"635",5,-12.5,1.03907388665785e-36,2042
"735",0,0,0.000260212725344166,2042
"835",1,0,0.68246388671496,2042
"935",2,0,0.316317957796992,2042
"1035",3,0,2.59096203920446e-05,2042
"1140",4,0,3.75051823313647e-13,2042
"1236",5,0,9.59432755108903e-25,2042
"1335",0,12.5,1.69324813259132e-10,2042
"1435",1,12.5,2.91049327232247e-05,2042
"1535",2,12.5,0.000884108616525874,2042
"1635",3,12.5,4.74610864692352e-06,2042
"1735",4,12.5,4.50259367956773e-12,2042
"1835",5,12.5,7.54885125629264e-22,2042
"1141",0,-12.5,5.45363731354908e-07,2043
"236",1,-12.5,2.39233974836394e-05,2043
"336",2,-12.5,2.44278995077928e-07,2043
"436",3,-12.5,5.80598699032147e-13,2043
"536",4,-12.5,3.21212662327609e-22,2043
"636",5,-12.5,4.13652754516629e-35,2043
"736",0,0,0.000218015740887835,2043
"836",1,0,0.606062306020807,2043
"936",2,0,0.392169091231312,2043
"1036",3,0,5.90685234259965e-05,2043
"1142",4,0,2.07093053909729e-12,2043
"1237",5,0,1.69005802418253e-23,2043
"1336",0,12.5,1.96385534157985e-10,2043
"1436",1,12.5,3.45964658510907e-05,2043
"1536",2,12.5,0.00141866757760094,2043
"1636",3,12.5,1.35411707825516e-05,2043
"1736",4,12.5,3.0085584444687e-11,2043
"1836",5,12.5,1.55592032704667e-20,2043
"1143",0,-12.5,5.84482302702106e-07,2044
"237",1,-12.5,3.81823269170218e-05,2044
"337",2,-12.5,9.76971175126573e-07,2044
"437",3,-12.5,9.79105390635414e-12,2044
"537",4,-12.5,3.84331044052896e-20,2044
"637",5,-12.5,5.9089432969556e-32,2044
"737",0,0,0.000212851723918711,2044
"837",1,0,0.513061221606397,2044
"937",2,0,0.484383724835397,2044
"1037",3,0,0.00017911758573931,2044
"1144",4,0,2.59427042104819e-11,2044
"1238",5,0,1.47170441872157e-21,2044
"1337",0,12.5,6.57493204401548e-10,2044
"1437",1,12.5,5.84768917739669e-05,2044
"1537",2,12.5,0.00203706846265803,2044
"1637",3,12.5,2.77942719582475e-05,2044
"1737",4,12.5,1.48536543256937e-10,2044
"1837",5,12.5,3.10913554383031e-19,2044
"1145",0,-12.5,8.70401941498327e-07,2045
"238",1,-12.5,5.72135276101771e-05,2045
"338",2,-12.5,2.33691926952154e-06,2045
"438",3,-12.5,5.93136708033825e-11,2045
"538",4,-12.5,9.35474609237048e-19,2045
"638",5,-12.5,9.16801500034068e-30,2045
"738",0,0,0.000220708925074209,2045
"838",1,0,0.443228837020004,2045
"938",2,0,0.553098180986058,2045
"1038",3,0,0.000428886682469841,2045
"1146",4,0,2.06656467205252e-10,2045
"1239",5,0,6.18759029657456e-20,2045
"1338",0,12.5,1.20650510225491e-09,2045
"1438",1,12.5,7.40229712719173e-05,2045
"1538",2,12.5,0.00282208424001829,2045
"1638",3,12.5,6.68558696252163e-05,2045
"1738",4,12.5,9.84181551905695e-10,2045
"1838",5,12.5,9.00278765972116e-18,2045
"1147",0,-12.5,1.06831147084284e-06,2046
"239",1,-12.5,8.2360378520671e-05,2046
"339",2,-12.5,5.32351177750376e-06,2046
"439",3,-12.5,2.88494506309006e-10,2046
"539",4,-12.5,1.3107996558031e-17,2046
"639",5,-12.5,4.99337902707964e-28,2046
"739",0,0,0.000183917099576175,2046
"839",1,0,0.370170859435294,2046
"939",2,0,0.624657254589253,2046
"1039",3,0,0.000883773127279681,2046
"1148",4,0,1.04833295585046e-09,2046
"1240",5,0,1.04259857834699e-18,2046
"1339",0,12.5,1.63695684333692e-09,2046
"1439",1,12.5,8.60155604266115e-05,2046
"1539",2,12.5,0.00378945068556308,2046
"1639",3,12.5,0.000139969992413724,2046
"1739",4,12.5,4.3346402699741e-09,2046
"1839",5,12.5,1.12546145724661e-16,2046
"1149",0,-12.5,1.23719414403946e-06,2047
"240",1,-12.5,0.000108448171975651,2047
"340",2,-12.5,1.31985185795396e-05,2047
"440",3,-12.5,2.23021489731927e-09,2047
"540",4,-12.5,5.23222978745999e-16,2047
"640",5,-12.5,1.7042977769986e-25,2047
"740",0,0,0.000208458028744403,2047
"840",1,0,0.318181597250611,2047
"940",2,0,0.674295188567922,2047
"1040",3,0,0.00198400899146211,2047
"1150",4,0,8.10505158698891e-09,2047
"1241",5,0,4.59712701207032e-17,2047
"1340",0,12.5,4.92411355829529e-09,2047
"1440",1,12.5,0.000130874953943781,2047
"1540",2,12.5,0.00482951585184858,2047
"1640",3,12.5,0.000247439609735427,2047
"1740",4,12.5,1.760165159089e-08,2047
"1840",5,12.5,1.73842592764442e-15,2047
"1151",0,-12.5,1.78196172299521e-06,2048
"241",1,-12.5,0.000138973556533282,2048
"341",2,-12.5,2.75410801041196e-05,2048
"441",3,-12.5,1.38689876222805e-08,2048
"541",4,-12.5,1.77469427538994e-14,2048
"641",5,-12.5,5.77055164121416e-23,2048
"741",0,0,0.000273408535460866,2048
"841",1,0,0.276711709481791,2048
"941",2,0,0.711636150658396,2048
"1041",3,0,0.00465054083359301,2048
"1152",4,0,7.72260670621344e-08,2048
"1242",5,0,3.25866239832168e-15,2048
"1341",0,12.5,1.34242030297401e-08,2048
"1441",1,12.5,0.000176313533274315,2048
"1541",2,12.5,0.0058843403061786,2048
"1641",3,12.5,0.000499027994350234,2048
"1741",4,12.5,1.07539257368069e-07,2048
"1841",5,12.5,5.88876403766698e-14,2048
"1153",0,-12.5,1.98057708026829e-06,2049
"242",1,-12.5,0.000179690299910499,2049
"342",2,-12.5,4.94303882839299e-05,2049
"442",3,-12.5,4.12287259216534e-08,2049
"542",4,-12.5,1.04265903329217e-13,2049
"642",5,-12.5,7.99505047742515e-22,2049
"742",0,0,0.000228331837033033,2049
"842",1,0,0.237159912535569,2049
"942",2,0,0.746883037155038,2049
"1042",3,0,0.00713182067274476,2049
"1154",4,0,2.06483206912233e-07,2049
"1243",5,0,1.81261497116832e-14,2049
"1342",0,12.5,1.71604532479545e-08,2049
"1442",1,12.5,0.000204054177976428,2049
"1542",2,12.5,0.00735696571326568,2049
"1642",3,12.5,0.000804245198202618,2049
"1742",4,12.5,2.66572119460238e-07,2049
"1842",5,12.5,2.67902938490744e-13,2049
"1155",0,-12.5,2.61619737381405e-06,2050
"243",1,-12.5,0.000225259119334982,2050
"343",2,-12.5,8.57175746293259e-05,2050
"443",3,-12.5,1.44156086064231e-07,2050
"543",4,-12.5,1.07144949978186e-12,2050
"643",5,-12.5,3.51954114191581e-20,2050
"743",0,0,0.000262959306489382,2050
"843",1,0,0.213168657557295,2050
"943",2,0,0.763719308332764,2050
"1043",3,0,0.0120926033210477,2050
"1156",4,0,8.46216440747711e-07,2050
"1244",5,0,2.61709041371146e-13,2050
"1343",0,12.5,3.44063641834934e-08,2050
"1443",1,12.5,0.000262601083977367,2050
"1543",2,12.5,0.00885788143448248,2050
"1643",3,12.5,0.00132050128152676,2050
"1743",4,12.5,8.70008322414908e-07,2050
"1843",5,12.5,2.53328238287851e-12,2050
"1157",0,-12.5,3.29864352623298e-06,2051
"244",1,-12.5,0.000275277318827437,2051
"344",2,-12.5,0.00014271425481932,2051
"444",3,-12.5,4.59648829915507e-07,2051
"544",4,-12.5,9.197013919898e-12,2051
"644",5,-12.5,1.14321893460514e-18,2051
"744",0,0,0.000298405887479272,2051
"844",1,0,0.192840247265459,2051
"944",2,0,0.774194090726319,2051
"1044",3,0,0.0193091832750642,2051
"1158",4,0,2.99185014900962e-06,2051
"1245",5,0,2.87990160881743e-12,2051
"1344",0,12.5,6.78311291726774e-08,2051
"1444",1,12.5,0.000339449041656322,2051
"1544",2,12.5,0.0105531474746977,2051
"1644",3,12.5,0.002038221168277,2051
"1744",4,12.5,2.44558345930239e-06,2051
"1844",5,12.5,1.8229533254979e-11,2051
"1159",0,-12.5,3.14961007756196e-06,2052
"245",1,-12.5,0.0003139740102093,2052
"345",2,-12.5,0.000238434065745776,2052
"445",3,-12.5,1.37936945428314e-06,2052
"545",4,-12.5,6.0789783995896e-11,2052
"645",5,-12.5,2.04088386253572e-17,2052
"745",0,0,0.000253768732610545,2052
"845",1,0,0.16238456224474,2052
"945",2,0,0.791569519550414,2052
"1045",3,0,0.0293948387642658,2052
"1160",4,0,8.31554652298076e-06,2052
"1246",5,0,1.79204210176527e-11,2052
"1345",0,12.5,9.69349311516031e-08,2052
"1445",1,12.5,0.000398159107175445,2052
"1545",2,12.5,0.0124586417351173,2052
"1645",3,12.5,0.00296976740576085,2052
"1745",4,12.5,5.39276966557591e-06,2052
"1845",5,12.5,7.46000299357359e-11,2052
"1161",0,-12.5,3.21815431530367e-06,2053
"246",1,-12.5,0.000351814901606654,2053
"346",2,-12.5,0.000374322716888633,2053
"446",3,-12.5,3.87616920125883e-06,2053
"546",4,-12.5,3.9064642747137e-10,2053
"646",5,-12.5,3.83168303257394e-16,2053
"746",0,0,0.000246646327748888,2053
"846",1,0,0.141900927877169,2053
"946",2,0,0.79454848736275,2053
"1046",3,0,0.0432992290266835,2053
"1162",4,0,2.29648974388197e-05,2053
"1247",5,0,1.18542326194464e-10,2053
"1346",0,12.5,1.63254671712522e-07,2053
"1446",1,12.5,0.000494287258614112,2053
"1546",2,12.5,0.0145652452534461,2053
"1646",3,12.5,0.00417715678464005,2053
"1746",4,12.5,1.16591889130426e-05,2053
"1846",5,12.5,3.16723647669855e-10,2053
"1163",0,-12.5,3.264661085019e-06,2054
"247",1,-12.5,0.000383896417976042,2054
"347",2,-12.5,0.000559120187734884,2054
"447",3,-12.5,1.00858253323219e-05,2054
"547",4,-12.5,2.25337186823127e-09,2054
"647",5,-12.5,6.23547366833741e-15,2054
"747",0,0,0.00023414682065517,2054
"847",1,0,0.12221625032398,2054
"947",2,0,0.790104983681343,2054
"1047",3,0,0.0632638769907306,2054
"1164",4,0,6.27396311655209e-05,2054
"1248",5,0,7.70625321763049e-10,2054
"1347",0,12.5,2.50295466905978e-07,2054
"1447",1,12.5,0.000579907074374765,2054
"1547",2,12.5,0.0166409833255306,2054
"1647",3,12.5,0.00591445483982829,2054
"1747",4,12.5,2.60354813063597e-05,2054
"1847",5,12.5,1.41948777733283e-09,2054
"1165",0,-12.5,3.79789230900566e-06,2055
"248",1,-12.5,0.000432523161370357,2055
"348",2,-12.5,0.000772678444347451,2055
"448",3,-12.5,2.16526437391742e-05,2055
"548",4,-12.5,9.51800150810915e-09,2055
"648",5,-12.5,6.56301374293018e-14,2055
"748",0,0,0.000245066612598203,2055
"848",1,0,0.110038842604632,2055
"948",2,0,0.775051542971268,2055
"1048",3,0,0.0856323499062102,2055
"1166",4,0,0.000148411599004228,2055
"1249",5,0,4.03478624788205e-09,2055
"1348",0,12.5,3.81440509189723e-07,2055
"1448",1,12.5,0.000675279899622789,2055
"1548",2,12.5,0.0187526884019513,2055
"1648",3,12.5,0.00816894472554246,2055
"1748",4,12.5,5.58201607675472e-05,2055
"1848",5,12.5,5.98327430834979e-09,2055
"1167",0,-12.5,3.98041038251825e-06,2056
"249",1,-12.5,0.000466880966533118,2056
"349",2,-12.5,0.00104417946091851,2056
"449",3,-12.5,4.45281632890226e-05,2056
"549",4,-12.5,3.62063774824417e-08,2056
"649",5,-12.5,5.61340046863787e-13,2056
"749",0,0,0.000243915810975459,2056
"849",1,0,0.0983423874747477,2056
"949",2,0,0.756018112570797,2056
"1049",3,0,0.1108190215705,2056
"1168",4,0,0.000309732715865394,2056
"1250",5,0,1.65063294134674e-08,2056
"1349",0,12.5,5.77481267669378e-07,2056
"1449",1,12.5,0.000800315395950288,2056
"1549",2,12.5,0.0211482823642184,2056
"1649",3,12.5,0.0106556436233381,2056
"1749",4,12.5,0.000102370525377166,2056
"1849",5,12.5,1.87525717281378e-08,2056
"1169",0,-12.5,3.66698815824346e-06,2057
"250",1,-12.5,0.000472490603539129,2057
"350",2,-12.5,0.00138068663597871,2057
"450",3,-12.5,9.1498788321261e-05,2057
"550",4,-12.5,1.37516193117994e-07,2057
"650",5,-12.5,4.68716903637237e-12,2057
"750",0,0,0.000232544724226516,2057
"850",1,0,0.0866362030281243,2057
"950",2,0,0.731999199721196,2057
"1050",3,0,0.140262016623831,2057
"1170",4,0,0.000609519813535504,2057
"1251",5,0,6.00694773508346e-08,2057
"1350",0,12.5,9.08776404601632e-07,2057
"1450",1,12.5,0.000978947073830621,2057
"1550",2,12.5,0.0239155106894464,2057
"1650",3,12.5,0.0132500763982579,2057
"1750",4,12.5,0.000166485104139566,2057
"1850",5,12.5,4.74406530159623e-08,2057
"1171",0,-12.5,4.5895635053875e-06,2058
"251",1,-12.5,0.000514774346938093,2058
"351",2,-12.5,0.00170737053995778,2058
"451",3,-12.5,0.000167457284847153,2058
"551",4,-12.5,4.85674924641241e-07,2058
"651",5,-12.5,4.16536143802613e-11,2058
"751",0,0,0.000283785246047781,2058
"851",1,0,0.0816679346318256,2058
"951",2,0,0.694990241557421,2058
"1051",3,0,0.174892511863313,2058
"1172",4,0,0.00130145482657031,2058
"1252",5,0,2.86386377383718e-07,2058
"1351",0,12.5,1.61883413351109e-06,2058
"1451",1,12.5,0.00119530946819616,2058
"1551",2,12.5,0.0260989923859633,2058
"1651",3,12.5,0.0168512645316623,2058
"1751",4,12.5,0.000321741162175106,2058
"1851",5,12.5,1.81654487401074e-07,2058
"1173",0,-12.5,5.28008278176847e-06,2059
"252",1,-12.5,0.000552990215656921,2059
"352",2,-12.5,0.00206538862361446,2059
"452",3,-12.5,0.000275101989800555,2059
"552",4,-12.5,1.30675238201887e-06,2059
"652",5,-12.5,2.21360683403847e-10,2059
"752",0,0,0.000306057871357256,2059
"852",1,0,0.0753274522813874,2059
"952",2,0,0.66116616769653,2059
"1052",3,0,0.206954837989621,2059
"1174",4,0,0.0023101924602252,2059
"1253",5,0,9.19662246811844e-07,2059
"1352",0,12.5,2.37191683067633e-06,2059
"1452",1,12.5,0.00137189916682506,2059
"1552",2,12.5,0.0282977917132133,2059
"1652",3,12.5,0.0208156758665632,2059
"1752",4,12.5,0.000546054644410455,2059
"1852",5,12.5,5.10845193745997e-07,2059
"1175",0,-12.5,6.15517175346272e-06,2060
"253",1,-12.5,0.000590060636330682,2060
"353",2,-12.5,0.00243591292033009,2060
"453",3,-12.5,0.000433047487274949,2060
"553",4,-12.5,3.31526260790547e-06,2060
"653",5,-12.5,1.09297189888445e-09,2060
"753",0,0,0.000332954424431792,2060
"853",1,0,0.0694351936692758,2060
"953",2,0,0.623567052660506,2060
"1053",3,0,0.241154470852546,2060
"1176",4,0,0.00401620732357557,2060
"1254",5,0,2.88035208629199e-06,2060
"1353",0,12.5,3.40420228007756e-06,2060
"1453",1,12.5,0.00154436024190876,2060
"1553",2,12.5,0.0301710563015835,2060
"1653",3,12.5,0.025382889918147,2060
"1753",4,12.5,0.000919602759215325,2060
"1853",5,12.5,1.43472317465488e-06,2060
"1177",0,-12.5,7.1980133671175e-06,2061
"254",1,-12.5,0.000616323903334482,2061
"354",2,-12.5,0.00279670855868985,2061
"454",3,-12.5,0.000672554136925967,2061
"554",4,-12.5,8.57134789021412e-06,2061
"654",5,-12.5,5.78912375309175e-09,2061
"754",0,0,0.000388412804204788,2061
"854",1,0,0.0653446501388874,2061
"954",2,0,0.582597173098208,2061
"1054",3,0,0.275276124886428,2061
"1178",4,0,0.00689303614963625,2061
"1255",5,0,9.14733118469999e-06,2061
"1354",0,12.5,5.55900459833337e-06,2061
"1454",1,12.5,0.00183752674211378,2061
"1554",2,12.5,0.0321893450481918,2061
"1654",3,12.5,0.0298835679842318,2061
"1754",4,12.5,0.00147026153552106,2061
"1854",5,12.5,3.83352746227376e-06,2061
"1179",0,-12.5,7.48878167940178e-06,2062
"255",1,-12.5,0.000630961696500389,2062
"355",2,-12.5,0.0031846638895251,2062
"455",3,-12.5,0.000962926178356873,2062
"555",4,-12.5,1.74417945329943e-05,2062
"655",5,-12.5,1.89259688420216e-08,2062
"755",0,0,0.000381022396848279,2062
"855",1,0,0.0590334034902938,2062
"955",2,0,0.547915924388611,2062
"1055",3,0,0.304648332362473,2062
"1180",4,0,0.0101473460172528,2062
"1256",5,0,2.02476635935983e-05,2062
"1355",0,12.5,7.00652443958367e-06,2062
"1455",1,12.5,0.00199620643542731,2062
"1555",2,12.5,0.0340703851972811,2062
"1655",3,12.5,0.0348351286098872,2062
"1755",4,12.5,0.00213366667939836,2062
"1855",5,12.5,7.82896793053148e-06,2062
"1181",0,-12.5,7.57183696376773e-06,2063
"256",1,-12.5,0.000634113109716632,2063
"356",2,-12.5,0.00355999300911379,2063
"456",3,-12.5,0.0013398262856087,2063
"556",4,-12.5,3.38037419685234e-05,2063
"656",5,-12.5,5.71739236819006e-08,2063
"756",0,0,0.000372231814313913,2063
"856",1,0,0.0534164822309172,2063
"956",2,0,0.513870887601702,2063
"1056",3,0,0.331397845017372,2063
"1182",4,0,0.014327231597387,2063
"1257",5,0,4.15232958765967e-05,2063
"1356",0,12.5,8.88786420693739e-06,2063
"1456",1,12.5,0.00218552371077819,2063
"1556",2,12.5,0.036027204928668,2063
"1656",3,12.5,0.0398127844636098,2063
"1756",4,12.5,0.0029493850263672,2063
"1856",5,12.5,1.46472915067449e-05,2063
"1183",0,-12.5,8.91650262146565e-06,2064
"257",1,-12.5,0.000665458761799671,2064
"357",2,-12.5,0.0038932506605203,2064
"457",3,-12.5,0.00178553429702271,2064
"557",4,-12.5,6.41931429614944e-05,2064
"657",5,-12.5,1.8091463282677e-07,2064
"757",0,0,0.000420301599861942,2064
"857",1,0,0.0506462862924195,2064
"957",2,0,0.478408382367183,2064
"1057",3,0,0.354253840907142,2064
"1184",4,0,0.0205634020692555,2064
"1258",5,0,9.35707216895437e-05,2064
"1357",0,12.5,1.26603626665064e-05,2064
"1457",1,12.5,0.00246316023968126,2064
"1557",2,12.5,0.03756676489534,2064
"1657",3,12.5,0.0449137730945743,2064
"1757",4,12.5,0.00420939709133821,2064
"1857",5,12.5,3.0926079289428e-05,2064
"1185",0,-12.5,1.05038661067697e-05,2065
"258",1,-12.5,0.000704003078680296,2065
"358",2,-12.5,0.00422958305664259,2065
"458",3,-12.5,0.00227781356528403,2065
"558",4,-12.5,0.000109960425183601,2065
"658",5,-12.5,4.75830486607589e-07,2065
"758",0,0,0.000463746035696885,2065
"858",1,0,0.0480681661758747,2065
"958",2,0,0.446614188190674,2065
"1058",3,0,0.371967585550261,2065
"1186",4,0,0.0277699625286873,2065
"1259",5,0,0.00018584167444641,2065
"1358",0,12.5,1.68929316450303e-05,2065
"1458",1,12.5,0.00270791065513402,2065
"1558",2,12.5,0.0389100022197671,2065
"1658",3,12.5,0.0501170844537844,2065
"1758",4,12.5,0.00578639342636964,2065
"1858",5,12.5,5.98863352750152e-05,2065
"1187",0,-12.5,1.08526352308929e-05,2066
"259",1,-12.5,0.000698679432791508,2066
"359",2,-12.5,0.00450677712279348,2066
"459",3,-12.5,0.00291272559707798,2066
"559",4,-12.5,0.000188615957641032,2066
"659",5,-12.5,1.22377805959816e-06,2066
"759",0,0,0.000480497481361854,2066
"859",1,0,0.0446555134533397,2066
"959",2,0,0.415819094406753,2066
"1059",3,0,0.387953021316618,2066
"1188",4,0,0.0362659633100445,2066
"1260",5,0,0.000339675846581117,2066
"1359",0,12.5,2.25902801016895e-05,2066
"1459",1,12.5,0.00303072691941679,2066
"1559",2,12.5,0.0407396568194217,2066
"1659",3,12.5,0.0548697896583212,2066
"1759",4,12.5,0.0074044804981735,2066
"1859",5,12.5,0.000100115486273118,2066
"1189",0,-12.5,1.31665891822998e-05,2067
"260",1,-12.5,0.000734955233933305,2067
"360",2,-12.5,0.00475351113578856,2067
"460",3,-12.5,0.00356233018559295,2067
"560",4,-12.5,0.000309328441080675,2067
"660",5,-12.5,3.11222911691532e-06,2067
"760",0,0,0.000564660073576567,2067
"860",1,0,0.0433626355324481,2067
"960",2,0,0.385842698971294,2067
"1060",3,0,0.39780563439553,2067
"1190",4,0,0.0475223162319027,2067
"1261",5,0,0.000657794588793889,2067
"1360",0,12.5,3.24333939670152e-05,2067
"1460",1,12.5,0.00342658867571644,2067
"1560",2,12.5,0.0419466787293397,2067
"1660",3,12.5,0.0594975675796879,2067
"1760",4,12.5,0.0097783790621239,2067
"1860",5,12.5,0.000186208950925373,2067
"1191",0,-12.5,1.48245934706637e-05,2068
"261",1,-12.5,0.000739753500152612,2068
"361",2,-12.5,0.00490697074217617,2068
"461",3,-12.5,0.00432675308597224,2068
"561",4,-12.5,0.00050714594751884,2068
"661",5,-12.5,7.90179959038028e-06,2068
"761",0,0,0.000640520403540692,2068
"861",1,0,0.0413796422727956,2068
"961",2,0,0.355355219619267,2068
"1061",3,0,0.405658770292265,2068
"1192",4,0,0.0615575383708882,2068
"1262",5,0,0.00124172041945821,2068
"1361",0,12.5,4.63879917639299e-05,2068
"1461",1,12.5,0.00387979574072619,2068
"1561",2,12.5,0.0431354523051305,2068
"1661",3,12.5,0.0637502738092101,2068
"1761",4,12.5,0.0125242565823025,2068
"1861",5,12.5,0.000327072523771607,2068
"1193",0,-12.5,1.62841831766208e-05,2069
"262",1,-12.5,0.000753918248822319,2069
"362",2,-12.5,0.00510888346786281,2069
"462",3,-12.5,0.00506723682278449,2069
"562",4,-12.5,0.000735630744588453,2069
"662",5,-12.5,1.56311886885245e-05,2069
"762",0,0,0.000676002485378553,2069
"862",1,0,0.0390730000996556,2069
"962",2,0,0.330558773615059,2069
"1062",3,0,0.409321053327823,2069
"1194",4,0,0.0741861685375006,2069
"1263",5,0,0.00196800077418401,2069
"1362",0,12.5,5.78951032964555e-05,2069
"1462",1,12.5,0.0041777311473976,2069
"1562",2,12.5,0.0441247855133522,2069
"1662",3,12.5,0.0682131634669492,2069
"1762",4,12.5,0.0154346661023143,2069
"1862",5,12.5,0.000511175171166122,2069
"1195",0,-12.5,1.72545500875624e-05,2070
"263",1,-12.5,0.000752284417232672,2070
"363",2,-12.5,0.00524888995905383,2070
"463",3,-12.5,0.00586083973571646,2070
"563",4,-12.5,0.00104727129310271,2070
"663",5,-12.5,2.99478416592935e-05,2070
"763",0,0,0.000711453462069493,2070
"863",1,0,0.0369909685123949,2070
"963",2,0,0.307788141496411,2070
"1063",3,0,0.409840657731203,2070
"1196",4,0,0.0873343660473839,2070
"1264",5,0,0.00297825774601282,2070
"1363",0,12.5,7.38926733094652e-05,2070
"1463",1,12.5,0.00458164423298514,2070
"1563",2,12.5,0.0454619775050298,2070
"1663",3,12.5,0.0721908670863946,2070
"1763",4,12.5,0.0183452303480385,2070
"1863",5,12.5,0.000746055361914758,2070
"1197",0,-12.5,2.10867514519711e-05,2071
"264",1,-12.5,0.000796911621349603,2071
"364",2,-12.5,0.00540212398914819,2071
"464",3,-12.5,0.00656860039526796,2071
"564",4,-12.5,0.00143263330421722,2071
"664",5,-12.5,5.60468424282272e-05,2071
"764",0,0,0.000819221100841641,2071
"864",1,0,0.0361168692377111,2071
"964",2,0,0.285609711263848,2071
"1064",3,0,0.405125658662105,2071
"1198",4,0,0.103076683498621,2071
"1265",5,0,0.00470419189937079,2071
"1364",0,12.5,9.64888649802321e-05,2071
"1464",1,12.5,0.00496243293184769,2071
"1564",2,12.5,0.0457789691829186,2071
"1664",3,12.5,0.0757515066270118,2071
"1764",4,12.5,0.0224838379857255,2071
"1864",5,12.5,0.00119702584115532,2071
"1199",0,-12.5,2.61372292022972e-05,2072
"265",1,-12.5,0.000860761554151881,2072
"365",2,-12.5,0.00560773074354944,2072
"465",3,-12.5,0.00722723907595803,2072
"565",4,-12.5,0.00184263224561473,2072
"665",5,-12.5,9.29364093982913e-05,2072
"765",0,0,0.00092177133737076,2072
"865",1,0,0.0352225553329447,2072
"965",2,0,0.26625605779467,2072
"1065",3,0,0.398161360720227,2072
"11100",4,0,0.117787635388185,2072
"1266",5,0,0.0068932062266447,2072
"1365",0,12.5,0.000117300293421244,2072
"1465",1,12.5,0.00520081139749021,2072
"1565",2,12.5,0.0456167234917605,2072
"1665",3,12.5,0.0791512992742752,2072
"1765",4,12.5,0.0271689581856735,2072
"1865",5,12.5,0.00184488329946325,2072
"1200",0,-12.5,2.73801611336598e-05,2073
"266",1,-12.5,0.000837994807948411,2073
"366",2,-12.5,0.00556103140547245,2073
"466",3,-12.5,0.00800162251684773,2073
"566",4,-12.5,0.00249637291890616,2073
"666",5,-12.5,0.000168868854591355,2073
"766",0,0,0.00101470818328781,2073
"866",1,0,0.0340170884435993,2073
"966",2,0,0.247264521893899,2073
"1066",3,0,0.389704272313437,2073
"11101",4,0,0.133173317433073,2073
"1267",5,0,0.00986751877955397,2073
"1366",0,12.5,0.000161556400263235,2073
"1466",1,12.5,0.00593240500076353,2073
"1566",2,12.5,0.0472330628507146,2073
"1666",3,12.5,0.0815398890981006,2073
"1766",4,12.5,0.0305212851279543,2073
"1866",5,12.5,0.00247710381045402,2073
"1201",0,-12.5,3.16084911996089e-05,2074
"267",1,-12.5,0.000876516344568235,2074
"367",2,-12.5,0.00569051130779163,2074
"467",3,-12.5,0.00864923269084016,2074
"567",4,-12.5,0.00307778933335559,2074
"667",5,-12.5,0.000256410153044734,2074
"767",0,0,0.00109814487305307,2074
"867",1,0,0.0329343256502106,2074
"967",2,0,0.231245308845682,2074
"1067",3,0,0.380129964946319,2074
"11102",4,0,0.146293927232742,2074
"1268",5,0,0.0131812170147474,2074
"1367",0,12.5,0.000192374457283066,2074
"1467",1,12.5,0.00623978216903285,2074
"1567",2,12.5,0.0473834270677083,2074
"1667",3,12.5,0.0842400327053409,2074
"1767",4,12.5,0.0350627200162783,2074
"1867",5,12.5,0.00341670670080285,2074
"1202",0,-12.5,3.47085604378312e-05,2075
"268",1,-12.5,0.000885944851543636,2075
"368",2,-12.5,0.00570836007514714,2075
"468",3,-12.5,0.00928433099901918,2075
"568",4,-12.5,0.003811750399584,2075
"668",5,-12.5,0.000395032545914143,2075
"768",0,0,0.00117071651331036,2075
"868",1,0,0.031572779931575,2075
"968",2,0,0.214935664650565,2075
"1068",3,0,0.369350533710382,2075
"11103",4,0,0.160215142755317,2075
"1269",5,0,0.017542964124566,2075
"1368",0,12.5,0.000232292879823107,2075
"1468",1,12.5,0.00661893273062349,2075
"1568",2,12.5,0.0476074171670795,2075
"1668",3,12.5,0.0864362381847824,2075
"1768",4,12.5,0.0396142719512076,2075
"1868",5,12.5,0.00458291796912226,2075
"1203",0,-12.5,3.63350882120867e-05,2076
"269",1,-12.5,0.000879015242772653,2076
"369",2,-12.5,0.00569904095153526,2076
"469",3,-12.5,0.0099024425977862,2076
"569",4,-12.5,0.00461124368827354,2076
"669",5,-12.5,0.000575478361375354,2076
"769",0,0,0.00119686708557654,2076
"869",1,0,0.0298911454730936,2076
"969",2,0,0.200066501034405,2076
"1069",3,0,0.358873491350663,2076
"11104",4,0,0.172521635702119,2076
"1270",5,0,0.022227004566338,2076
"1369",0,12.5,0.000268657747648718,2076
"1469",1,12.5,0.00692663735757125,2076
"1569",2,12.5,0.0478608840813961,2076
"1669",3,12.5,0.0886286566372788,2076
"1769",4,12.5,0.0439848181786842,2076
"1869",5,12.5,0.00585014485526944,2076
"1204",0,-12.5,3.92960621788196e-05,2077
"270",1,-12.5,0.000888674692950185,2077
"370",2,-12.5,0.00571478040079857,2077
"470",3,-12.5,0.0104500708217747,2077
"570",4,-12.5,0.00543377778812193,2077
"670",5,-12.5,0.00080342893386047,2077
"770",0,0,0.00121892744362111,2077
"870",1,0,0.0282045432000818,2077
"970",2,0,0.185576610755058,2077
"1070",3,0,0.347208509617814,2077
"11105",4,0,0.184722771421483,2077
"1271",5,0,0.0279456016534909,2077
"1370",0,12.5,0.000296336006377629,2077
"1470",1,12.5,0.00701573333986886,2077
"1570",2,12.5,0.047230732036171,2077
"1670",3,12.5,0.0904147390774922,2077
"1770",4,12.5,0.0492171819120016,2077
"1870",5,12.5,0.00761828483685544,2077
"1205",0,-12.5,4.13559013311571e-05,2078
"271",1,-12.5,0.000884376329010792,2078
"371",2,-12.5,0.00567865955311774,2078
"471",3,-12.5,0.010948727803523,2078
"571",4,-12.5,0.00633855975104326,2078
"671",5,-12.5,0.00110186051825781,2078
"771",0,0,0.00124236097520978,2078
"871",1,0,0.0267322539433243,2078
"971",2,0,0.172715955122972,2078
"1071",3,0,0.335072235067348,2078
"11106",4,0,0.1951881869426,2078
"1272",5,0,0.0341411166091215,2078
"1371",0,12.5,0.000334493020505846,2078
"1471",1,12.5,0.00724207461589649,2078
"1571",2,12.5,0.047081255267691,2078
"1671",3,12.5,0.0919056424162274,2078
"1771",4,12.5,0.0538698070841621,2078
"1871",5,12.5,0.00948107907865795,2078
"1206",0,-12.5,4.69506866187815e-05,2079
"272",1,-12.5,0.00090323700714856,2079
"372",2,-12.5,0.0056142746266927,2079
"472",3,-12.5,0.0112750307951803,2079
"572",4,-12.5,0.00731600469003242,2079
"672",5,-12.5,0.00153377751981953,2079
"772",0,0,0.00137557638661118,2079
"872",1,0,0.0261705465498233,2079
"972",2,0,0.160869246499637,2079
"1072",3,0,0.319495993949566,2079
"11107",4,0,0.20501704093374,2079
"1273",5,0,0.0425056497475499,2079
"1372",0,12.5,0.000410616035597124,2079
"1472",1,12.5,0.00772560130271502,2079
"1572",2,12.5,0.046963540699565,2079
"1672",3,12.5,0.0922404741791059,2079
"1772",4,12.5,0.0585348319870424,2079
"1872",5,12.5,0.0120016064035547,2079
"1207",0,-12.5,4.85988812449899e-05,2080
"273",1,-12.5,0.000891252845259413,2080
"373",2,-12.5,0.00553546307778413,2080
"473",3,-12.5,0.0116435485620552,2080
"573",4,-12.5,0.00829459395527661,2080
"673",5,-12.5,0.00200116673217102,2080
"773",0,0,0.00136910987841616,2080
"873",1,0,0.0245533634726299,2080
"973",2,0,0.149128982027708,2080
"1073",3,0,0.306754883432596,2080
"11108",4,0,0.213697424848549,2080
"1274",5,0,0.0504179825656513,2080
"1373",0,12.5,0.000444299727165349,2080
"1473",1,12.5,0.00779196094103543,2080
"1573",2,12.5,0.0462802673101701,2080
"1673",3,12.5,0.0930943496013284,2080
"1773",4,12.5,0.0634204263087916,2080
"1873",5,12.5,0.0146323258321673,2080
"1208",0,-12.5,5.03452287600812e-05,2081
"274",1,-12.5,0.000879078037272805,2081
"374",2,-12.5,0.00544143456940878,2081
"474",3,-12.5,0.0119403281670834,2081
"574",4,-12.5,0.00928829467230772,2081
"674",5,-12.5,0.00256137152500995,2081
"774",0,0,0.00137936839054521,2081
"874",1,0,0.0232392567591433,2081
"974",2,0,0.138797316394721,2081
"1074",3,0,0.293871029506242,2081
"11109",4,0,0.22057147621679,2081
"1275",5,0,0.0586892818598639,2081
"1374",0,12.5,0.000489596360606692,2081
"1474",1,12.5,0.00795889910266286,2081
"1574",2,12.5,0.0458653474134458,2081
"1674",3,12.5,0.0936986311104048,2081
"1774",4,12.5,0.0678576280584809,2081
"1874",5,12.5,0.0174213166272518,2081
"1209",0,-12.5,5.79968680783375e-05,2082
"275",1,-12.5,0.000915296988436649,2082
"375",2,-12.5,0.00543238115699552,2082
"475",3,-12.5,0.0121252065025196,2082
"575",4,-12.5,0.0101779136563908,2082
"675",5,-12.5,0.00321291391637701,2082
"775",0,0,0.00154374546052094,2082
"875",1,0,0.0232298843080156,2082
"975",2,0,0.131458632172967,2082
"1075",3,0,0.279770475051581,2082
"11110",4,0,0.223916120115734,2082
"1276",5,0,0.067396842296515,2082
"1375",0,12.5,0.000595720514966088,2082
"1475",1,12.5,0.00854727684946573,2082
"1575",2,12.5,0.0461194049189835,2082
"1675",3,12.5,0.0935858798257684,2082
"1775",4,12.5,0.07141799757098,2082
"1875",5,12.5,0.0204963118257041,2082
"1277",0,-12.5,6.38199655514235e-05,2083
"276",1,-12.5,0.000936844725565377,2083
"376",2,-12.5,0.00541572684131446,2083
"476",3,-12.5,0.0123288898096881,2083
"576",4,-12.5,0.0110527227314147,2083
"676",5,-12.5,0.00390204851191255,2083
"776",0,0,0.00162783372619989,2083
"876",1,0,0.0226341205922893,2083
"976",2,0,0.123935377318084,2083
"1076",3,0,0.267242204591998,2083
"11111",4,0,0.226930506689976,2083
"1278",5,0,0.0758855007828289,2083
"1376",0,12.5,0.000670838482543788,2083
"1476",1,12.5,0.00883515318649331,2083
"1576",2,12.5,0.0458235028309848,2083
"1676",3,12.5,0.0935923968586363,2083
"1776",4,12.5,0.0752784969614446,2083
"1876",5,12.5,0.0238440153930749,2083
"1279",0,-12.5,7.58975621249672e-05,2084
"277",1,-12.5,0.00100549360400242,2084
"377",2,-12.5,0.00551573152702796,2084
"477",3,-12.5,0.0125285048848432,2084
"577",4,-12.5,0.011783320621106,2084
"677",5,-12.5,0.00458889862704694,2084
"777",0,0,0.00182295610224409,2084
"877",1,0,0.0228584706489199,2084
"977",2,0,0.118683528871513,2084
"1077",3,0,0.255156156782763,2084
"11112",4,0,0.227140184385014,2084
"1280",5,0,0.0837248188630046,2084
"1377",0,12.5,0.0007855452240362,2084
"1477",1,12.5,0.00932312755167998,2084
"1577",2,12.5,0.0458167606222836,2084
"1677",3,12.5,0.0932308094578156,2084
"1777",4,12.5,0.0785537370244819,2084
"1877",5,12.5,0.027406057640092,2084
"1281",0,-12.5,8.3163716399584e-05,2085
"278",1,-12.5,0.00104012872564137,2085
"378",2,-12.5,0.00557153379501303,2085
"478",3,-12.5,0.012781944406408,2085
"578",4,-12.5,0.0125589564973413,2085
"678",5,-12.5,0.00528499601933684,2085
"778",0,0,0.00186084245791882,2085
"878",1,0,0.0220971774309845,2085
"978",2,0,0.112382444857428,2085
"1078",3,0,0.244790537225696,2085
"11113",4,0,0.2283627433875,2085
"1282",5,0,0.0912410668181696,2085
"1378",0,12.5,0.000826670576405316,2085
"1478",1,12.5,0.00932038110691693,2085
"1578",2,12.5,0.0450058883280392,2085
"1678",3,12.5,0.0930763796245767,2085
"1778",4,12.5,0.0824411617040854,2085
"1878",5,12.5,0.0312739833221388,2085
