mvs,m,v,s,slope,intercept,r2,pvalue,slope95,intercept95,base,2043,2050,2070,pr_change_2043,pr_change_2070,pr_change_2050
ACCESS-CM2_r1i1p1f1_ssp245,ACCESS-CM2,r1i1p1f1,ssp245,2.2134858132681665,-3454.9639260117274,0.9305701989875659,3.6071052691675103e-40,0.18448592719716567,379.24110981813766,1020.704388416505,1100.3898776941596,1115.8842783870368,1160.1539946524,7.8,13.7,9.3
ACCESS-CM2_r2i1p1f1_ssp245,ACCESS-CM2,r2i1p1f1,ssp245,2.1528835469008842,-3320.2181109425155,0.6605037059356904,1.4120622092311632e-12,0.5184448982191144,1065.7485997294489,1032.9124208910725,1110.4162285795046,1125.4864134078107,1168.5440843458282,7.5,13.1,9.0
ACCESS-CM2_r3i1p1f1_ssp245,ACCESS-CM2,r3i1p1f1,ssp245,2.0382347563798824,-3099.268179563204,0.8403592490735557,3.945071395929895e-25,0.2785045439252214,572.5118112381307,1022.0424978369188,1095.4189490665945,1109.6865923612536,1150.451287488851,7.2,12.6,8.6
ACCESS-CM2_r1i1p1f1_ssp370,ACCESS-CM2,r1i1p1f1,ssp370,1.755168188397748,-2486.173556416762,0.7114469508817516,3.887348941935646e-15,0.36727439580535703,754.9928148402935,1062.7765205234841,1125.962575305803,1138.2487526245873,1173.3521163925425,5.9,10.4,7.1
ACCESS-CM2_r2i1p1f1_ssp370,ACCESS-CM2,r2i1p1f1,ssp370,0.8562371589402832,-698.9946602204532,0.37038265509059504,0.0003264810241662735,0.45490695915264817,935.135935158175,1032.3168751567994,1063.1414128786496,1069.1350729912317,1086.2598161700373,3.0,5.2,3.6
ACCESS-CM2_r3i1p1f1_ssp370,ACCESS-CM2,r3i1p1f1,ssp370,1.8390602106585496,-2685.813542648726,0.8653456215807156,3.879555916600843e-28,0.22564001761457986,463.84009880647454,1032.7662033028614,1098.972370886569,1111.845792361179,1148.62699657435,6.4,11.2,7.7
ACCESS-CM2_r1i1p1f1_ssp585,ACCESS-CM2,r1i1p1f1,ssp585,0.7333753592184675,-440.2745917443324,0.6893155194770775,5.837167463732426e-14,0.16328387742491726,335.6568158386107,1042.610384595409,1069.0118975272737,1074.145525041803,1088.8130322261725,2.5,4.4,3.0
ACCESS-CM2_r2i1p1f1_ssp585,ACCESS-CM2,r2i1p1f1,ssp585,1.1134810766579568,-1172.2260710478486,0.5081944206928155,3.166306967943562e-07,0.3997589724035344,821.7701949268454,1079.2326659545402,1119.3179847142264,1127.1123522508324,1149.3819737839913,3.7,6.5,4.4
ACCESS-CM2_r3i1p1f1_ssp585,ACCESS-CM2,r3i1p1f1,ssp585,0.992544010905567,-990.2088599252088,0.5570210582176093,1.1864784249039396e-08,0.3134994797666245,644.4496468667777,1016.7151301258477,1052.446714518448,1059.3945225947868,1079.2454028128982,3.5,6.2,4.2
CESM2-LENS_r10i1p1f1_ssp370,CESM2-LENS,r10i1p1f1,ssp370,2.398124428826984,-3849.716222064666,0.753252269025985,1.0869553389185743e-17,0.44360857726695296,911.910256372926,999.291373023495,1085.6238524612663,1102.4107234630555,1150.3732120395953,8.6,15.1,10.3
CESM2-LENS_r1i1p1f1_ssp370,CESM2-LENS,r1i1p1f1,ssp370,0.05886216235519984,952.3311865130412,0.03387731245406952,0.7512535469038641,0.3678728925215869,756.2231230937949,1071.3504787952552,1073.4695166400425,1073.8815517765288,1075.058795023633,0.2,0.3,0.2
CESM2-LENS_r4i1p1f1_ssp370,CESM2-LENS,r4i1p1f1,ssp370,1.2646159656639921,-1543.1893299415847,0.8651507583525723,4.116365462512426e-28,0.155298754965531,319.2420857313382,1013.8641526310075,1059.3903273949113,1068.2426391545591,1093.5349584678388,4.5,7.9,5.4
CESM2-LENS_r5i1p1f1_ssp370,CESM2-LENS,r5i1p1f1,ssp370,0.39844033973547444,266.95418018391047,0.23102328435779607,0.02846839392646378,0.3554816261299171,730.7508407911628,1072.6005471290398,1086.9443993595169,1089.7334817376652,1097.7022885323745,1.3,2.3,1.6
CESM2-LENS_r6i1p1f1_ssp370,CESM2-LENS,r6i1p1f1,ssp370,1.0800984699042737,-1239.2084716317602,0.6365061663036466,1.5562723956406132e-11,0.2772604756937302,569.9544247535996,944.7506345146815,983.634179431235,991.1948687205652,1012.7968381186504,4.1,7.2,4.9
CESM2-LENS_r7i1p1f1_ssp370,CESM2-LENS,r7i1p1f1,ssp370,0.031808419757820304,977.2127603080914,0.015326637616214323,0.8859923155268781,0.43960646557776645,903.6832587819329,1041.5293850584042,1042.6744881696857,1042.8971471079903,1043.5333155031467,0.1,0.2,0.1
CESM2-LENS_r8i1p1f1_ssp370,CESM2-LENS,r8i1p1f1,ssp370,1.5559600930331599,-2171.4345214255854,0.6718852965507527,4.1850726626665657e-13,0.36336181305600485,746.9498586828092,974.7167866874638,1030.7313500366577,1041.6230706878896,1072.742272548553,5.7,10.1,6.9
CESM2-LENS_r9i1p1f1_ssp370,CESM2-LENS,r9i1p1f1,ssp370,-0.16206215440668273,1371.678755976137,-0.22395893142498824,0.03383812673088491,0.14940284866291054,307.12208241422945,1043.9890797658245,1038.154842207184,1037.020407126337,1033.7791640382034,-0.6,-1.0,-0.7
CNRM-ESM2-1_r1i1p1f2_ssp245,CNRM-ESM2-1,r1i1p1f2,ssp245,1.797870026780687,-2580.68814698558,0.9187052104748855,2.8808716695543673e-37,0.16373347422891146,336.5810358780895,1054.6050471649696,1119.328368129074,1131.9134583165392,1167.8708588521527,6.1,10.7,7.3
CNRM-ESM2-1_r1i1p1f2_ssp370,CNRM-ESM2-1,r1i1p1f2,ssp370,0.7576658853872178,-489.39051139740263,0.6581855910133062,1.797408414461171e-12,0.18359506184563953,377.40978983756145,1042.6099088555518,1069.8858807294916,1075.189541927202,1090.3428596349465,2.6,4.6,3.1
CNRM-ESM2-1_r1i1p1f2_ssp585,CNRM-ESM2-1,r1i1p1f2,ssp585,-0.8003923191652887,2676.1517233881677,-0.5539503435612609,1.481794242649081e-08,0.25483679287381367,523.8588634930022,1057.758454035954,1028.9443305460036,1023.3415843118464,1007.3337379285408,-2.7,-4.8,-3.3
EC-Earth3_r1i1p1f1_ssp245,EC-Earth3,r1i1p1f1,ssp245,-0.07133677310542778,1263.8693914772011,-0.053302738169131364,0.6178071611952971,0.2831170272588603,581.9935279470556,1119.6264362580262,1117.0583124262307,1116.5589550144928,1115.1322195523842,-0.2,-0.4,-0.3
EC-Earth3_r2i1p1f1_ssp245,EC-Earth3,r2i1p1f1,ssp245,2.1414958416859546,-3342.75290590614,0.7104341426542983,4.424750327261868e-15,0.44940732521473237,923.8305347414828,987.3516859828605,1064.4455362835552,1079.4360071753563,1122.2659240090752,7.8,13.7,9.3
EC-Earth3_r4i1p1f1_ssp245,EC-Earth3,r4i1p1f1,ssp245,-0.35379954125815277,1822.4013573950208,-0.2971625673215402,0.0044512614130203364,0.24082839475431886,495.0623014444845,1107.0186849710358,1094.2819014857423,1091.8053046969353,1084.7293138717723,-1.2,-2.0,-1.4
EC-Earth3_r1i1p1f1_ssp370,EC-Earth3,r1i1p1f1,ssp370,-0.6872524696386922,2460.34604656183,-0.5589543638134657,1.0303469737250392e-08,0.2159823714428857,443.98722163568704,1070.7215529523944,1045.9804640454013,1041.1696967579305,1027.4246473651567,-2.3,-4.0,-2.8
EC-Earth3_r4i1p1f1_ssp370,EC-Earth3,r4i1p1f1,ssp370,-0.9110852915172589,2932.112093625131,-0.5647438511111776,6.7162378885068665e-09,0.2820470036618253,579.793918781,1089.8976341772334,1057.098563682612,1050.7209666419913,1032.499260811646,-3.0,-5.3,-3.6
EC-Earth3_r1i1p1f1_ssp585,EC-Earth3,r1i1p1f1,ssp585,-0.5751368521317858,2269.7998688187718,-0.45040563974396597,8.41371919648392e-06,0.2415200174480676,496.48404543296965,1106.873153808301,1086.1682271315567,1082.1422691666342,1070.6395321239984,-1.9,-3.3,-2.2
EC-Earth3_r3i1p1f1_ssp585,EC-Earth3,r3i1p1f1,ssp585,-1.0635857406797171,3264.589583358028,-0.5431636388799757,3.178819957421083e-08,0.348295626504594,715.9788388587459,1114.01921570364,1075.7301290391702,1068.2850288544123,1047.013314040818,-3.4,-6.0,-4.1
EC-Earth3_r4i1p1f1_ssp585,EC-Earth3,r4i1p1f1,ssp585,-1.6243708628816764,4402.714917536006,-0.6838861417724653,1.094017656489158e-13,0.36711269087426085,754.6604038078441,1118.2370327892568,1059.7596817255162,1048.3890856853445,1015.9016684277112,-5.2,-9.2,-6.2
EC-Earth3-Veg_r1i1p1f1_ssp245,EC-Earth3-Veg,r1i1p1f1,ssp245,-0.08318554623467374,1282.3615745658608,-0.06990349249951214,0.5126645757542384,0.25148100617013625,516.9604930148279,1114.1604000793504,1111.1657204149024,1110.5834215912596,1108.919710666566,-0.3,-0.5,-0.3
EC-Earth3-Veg_r2i1p1f1_ssp245,EC-Earth3-Veg,r2i1p1f1,ssp245,0.32902027800641526,395.4988627261339,0.22551194883792627,0.03258987270574991,0.3011196690045872,619.0009134914892,1060.7778648551057,1072.6225948633364,1074.9257368093813,1081.5061423695097,1.1,2.0,1.3
EC-Earth3-Veg_r3i1p1f1_ssp245,EC-Earth3-Veg,r3i1p1f1,ssp245,0.8940654331696245,-745.3052964090537,0.5497927372598136,1.9949873373783357e-08,0.2877618695281256,591.5417637604236,1062.4950094599271,1094.6813650540337,1100.939823086221,1118.8211317496134,3.0,5.3,3.6
EC-Earth3-Veg_r4i1p1f1_ssp245,EC-Earth3-Veg,r4i1p1f1,ssp245,0.14956119406755303,763.2952863394834,0.12925156437715143,0.22469113443829258,0.24307746526842497,499.68563510893944,1065.7080207440756,1071.0922237305076,1072.1391520889804,1075.1303759703314,0.5,0.9,0.6
EC-Earth3-Veg_r5i1p1f1_ssp245,EC-Earth3-Veg,r5i1p1f1,ssp245,-0.11681317996728059,1288.9536503136521,-0.07898432412727736,0.4593036011911906,0.3123287051178065,642.0429273738043,1052.757400419811,1048.5521259409886,1047.7344336812178,1045.3981700818722,-0.4,-0.7,-0.5
EC-Earth3-Veg_r1i1p1f1_ssp370,EC-Earth3-Veg,r1i1p1f1,ssp370,-0.40360293232013705,1962.3334466701344,-0.19813536087220684,0.06120564386603583,0.4229759535980475,869.4965112296819,1146.2483175188172,1131.7186119552925,1128.8933914290515,1120.8213327826488,-1.3,-2.2,-1.5
EC-Earth3-Veg_r2i1p1f1_ssp370,EC-Earth3-Veg,r2i1p1f1,ssp370,-0.6483685339706016,2420.5871654047205,-0.45977115274188274,5.145287275274442e-06,0.2652964059462741,545.3603152846549,1109.5859897161642,1086.2447224932225,1081.7061427554283,1068.7387720760162,-2.1,-3.7,-2.5
EC-Earth3-Veg_r3i1p1f1_ssp370,EC-Earth3-Veg,r3i1p1f1,ssp370,0.8549848759439929,-612.5325852380868,0.5839712578258104,1.5258118505026583e-09,0.2517805384198223,517.5762307273085,1116.2468339206669,1147.0262894546506,1153.0111835862585,1170.1108811051383,2.8,4.8,3.3
EC-Earth3-Veg_r4i1p1f1_ssp370,EC-Earth3-Veg,r4i1p1f1,ssp370,0.6093057075378487,-144.01078121019896,0.4163133290274574,4.480880828584537e-05,0.28190603360659605,579.5041316898734,1088.0053594313313,1109.9403649026938,1114.2055048554587,1126.3916190062157,2.0,3.5,2.4
EC-Earth3-Veg_r1i1p1f1_ssp585,EC-Earth3-Veg,r1i1p1f1,ssp585,-0.6768607381505477,2472.4167088374243,-0.6475850976725567,5.277327659077859e-12,0.1687226619216965,346.8371302395886,1103.804296297017,1079.437309723597,1074.6992845565433,1061.1620697935323,-2.2,-3.9,-2.6
EC-Earth3-Veg_r2i1p1f1_ssp585,EC-Earth3-Veg,r2i1p1f1,ssp585,0.4946986126600075,123.71561574936504,0.21485764228519658,0.041987656266392635,0.4763724830218182,979.2618433976239,1123.9962105479003,1141.8053606036606,1145.2682508922803,1155.1622231454805,1.6,2.8,1.9
EC-Earth3-Veg_r3i1p1f1_ssp585,EC-Earth3-Veg,r3i1p1f1,ssp585,-0.9504415646142086,3063.041254618951,-0.5206699595113832,1.4362285695678276e-07,0.33015477890564454,678.6873484942006,1141.248410969021,1107.0325146429097,1100.37942369061,1081.370592398326,-3.0,-5.2,-3.6
EC-Earth3-Veg_r4i1p1f1_ssp585,EC-Earth3-Veg,r4i1p1f1,ssp585,1.025294380624022,-1034.394154281981,0.5901518659582796,9.281069668098656e-10,0.297122442623289,610.7839584528658,1038.7510833397916,1075.6616810422563,1082.8387417066244,1103.3446293191048,3.6,6.2,4.2
FGOALS-g3_r1i1p1f1_ssp245,FGOALS-g3,r1i1p1f1,ssp245,0.9859195261909194,-950.4366292214959,0.7381686232729201,1.0312513475967768e-16,0.19088094043873222,392.38710938503925,1043.0926527365432,1078.5857556794163,1085.4871923627527,1105.205582886571,3.4,6.0,4.1
FGOALS-g3_r3i1p1f1_ssp245,FGOALS-g3,r3i1p1f1,ssp245,-2.272508260956299,5731.774881286367,-0.9332501345170514,6.76466526095588e-41,0.18530900020640112,380.93307150988346,1136.7631776327307,1054.9528802383038,1039.04532241161,993.5951571924843,-7.2,-12.6,-8.6
FGOALS-g3_r4i1p1f1_ssp245,FGOALS-g3,r4i1p1f1,ssp245,0.8476508292884225,-617.5999918621717,0.5747413688199793,3.145148493863858e-09,0.25567931942083466,525.5908151252913,1096.3499849590187,1126.865414813402,1132.7989706184208,1149.7519872041892,2.8,4.9,3.3
FGOALS-g3_r1i1p1f1_ssp370,FGOALS-g3,r1i1p1f1,ssp370,1.3157422918031731,-1613.0737721018281,0.6810851790578244,1.5048240604563747e-13,0.29965497825285986,615.9900011977195,1047.357141924188,1094.7238644291024,1103.9340604717245,1130.2489063077878,4.5,7.9,5.4
FGOALS-g3_r3i1p1f1_ssp370,FGOALS-g3,r3i1p1f1,ssp370,0.07119815094508926,960.9017099754835,0.05624039828152304,0.5985393522247957,0.26776406185643475,550.4329871151651,1104.864371186454,1107.4275046204773,1107.9258916770927,1109.3498546959945,0.2,0.4,0.3
FGOALS-g3_r4i1p1f1_ssp370,FGOALS-g3,r4i1p1f1,ssp370,0.455922753383621,160.7002586363817,0.39981980631552316,9.455536680509341e-05,0.22142351492889123,455.1723853262873,1082.5760659780633,1098.9892850998735,1102.180744373559,1111.2991994412314,1.5,2.7,1.8
FGOALS-g3_r5i1p1f1_ssp370,FGOALS-g3,r5i1p1f1,ssp370,2.531304170606689,-4140.201648151143,0.8435460816768929,1.7466288503040928e-25,0.3414095183185105,701.823313011904,978.0953848155832,1069.2223349574233,1086.9414641516705,1137.5675475638045,9.3,16.3,11.1
FGOALS-g3_r1i1p1f1_ssp585,FGOALS-g3,r1i1p1f1,ssp585,2.858986896921044,-4767.570594290894,0.8992554220778641,2.3597708448586523e-33,0.29461273084304296,605.6248338772174,1013.3009112834561,1116.2244395726138,1136.2373478510617,1193.4170857894824,10.2,17.8,12.1
FGOALS-g3_r3i1p1f1_ssp585,FGOALS-g3,r3i1p1f1,ssp585,0.8510672143959996,-597.9347362808346,0.5073747465161716,3.331462277015481e-07,0.3062131576772594,629.4714156399045,1122.9231712278768,1153.5615909461326,1159.5190614469047,1176.5404057348246,2.7,4.8,3.3
FGOALS-g3_r4i1p1f1_ssp585,FGOALS-g3,r4i1p1f1,ssp585,1.3633713513314267,-1707.4341853764433,0.57172988494372,3.96322496377112e-09,0.41446798728162915,852.006989740677,1049.3026870157016,1098.384055663633,1107.927655122953,1135.1950821495814,4.7,8.2,5.6
GFDL-ESM4_r1i1p1f1_ssp245,GFDL-ESM4,r1i1p1f1,ssp245,1.0870813358512275,-1144.1427548090226,0.6233599706756551,5.314349213323494e-11,0.28887746501784506,593.8350534332839,1053.9357062821593,1093.0706343728036,1100.6802037237624,1122.4218304407866,3.7,6.5,4.4
GFDL-ESM4_r1i1p1f1_ssp370,GFDL-ESM4,r1i1p1f1,ssp370,0.08910794192236789,847.3199734913688,0.05435893801048489,0.6108489247384008,0.34675500169387624,712.8118316408699,1027.4962320583968,1030.7041179676019,1031.3278735610586,1033.1100323995058,0.3,0.5,0.4
GFDL-ESM4_r1i1p1f1_ssp585,GFDL-ESM4,r1i1p1f1,ssp585,0.4688969691580479,106.92462850063453,0.2911594999264847,0.005366612362959258,0.3263852707104797,670.9385055709403,1055.0343001382075,1071.9145910278971,1075.1968698120036,1084.5748091951646,1.6,2.8,1.9
HadGEM3-GC31-LL_r1i1p1f3_ssp245,HadGEM3-GC31-LL,r1i1p1f3,ssp245,-0.42239944296172993,2006.6848274497809,-0.336736008920049,0.0011735568036184932,0.25021865866756315,514.3655304877384,1152.593153781163,1137.3867738345407,1134.4299777338085,1125.981988874574,-1.3,-2.3,-1.6
HadGEM3-GC31-LL_r1i1p1f3_ssp585,HadGEM3-GC31-LL,r1i1p1f3,ssp585,0.9346684004694646,-763.8803405518543,0.5297833142312022,7.899323220027393e-08,0.3169882350264735,651.6213560411852,1126.0191651974033,1159.667227614304,1166.2099064175902,1184.9032744269796,3.0,5.2,3.6
HadGEM3-GC31-LL_r2i1p1f3_ssp585,HadGEM3-GC31-LL,r2i1p1f3,ssp585,3.1688692855169034,-5389.016936498418,0.8639112196698717,5.98773523794686e-28,0.39136218906447734,804.5092283003603,1018.4367588167606,1132.51605309537,1154.6981380939878,1218.0755238043257,11.2,19.6,13.4
HadGEM3-GC31-LL_r3i1p1f3_ssp585,HadGEM3-GC31-LL,r3i1p1f3,ssp585,3.7218138155926717,-6547.2617531193955,0.8648706094697822,4.481647368360888e-28,0.45763859915096405,940.7512696193113,978.2457820089867,1112.2310793703227,1138.2837760794719,1212.7200523913252,13.7,24.0,16.4
INM-CM5-0_r1i1p1f1_ssp245,INM-CM5-0,r1i1p1f1,ssp245,-0.5867548457009045,2305.152290813603,-0.5718272848003965,3.933843322032137e-09,0.17832966700528644,366.5859063401925,1118.733992806374,1097.6108183611416,1093.5035344412352,1081.7684375272172,-1.9,-3.3,-2.3
INM-CM5-0_r1i1p1f1_ssp370,INM-CM5-0,r1i1p1f1,ssp370,-1.7772489573758081,4698.880943999629,-0.8271520691298871,9.638068051547866e-24,0.2558009945897782,525.8409384100778,1105.2835521857455,1041.3025897202165,1028.8618470185856,993.3168678710695,-5.8,-10.1,-6.9
INM-CM5-0_r2i1p1f1_ssp370,INM-CM5-0,r2i1p1f1,ssp370,0.5453766713458271,-13.1199798516368,0.2965961350002729,0.00453125680119852,0.37201091937185654,764.7295166111514,1089.6316496096256,1109.2652097780754,1113.082846477496,1123.9903799044127,1.8,3.2,2.2
INM-CM5-0_r3i1p1f1_ssp370,INM-CM5-0,r3i1p1f1,ssp370,0.3435091387866233,346.0821797093304,0.4579982978179221,5.6535831575492816e-06,0.1412450208050576,290.3523280079161,1040.6576583358828,1053.0239873322012,1055.4285513037075,1062.29873407944,1.2,2.1,1.4
INM-CM5-0_r4i1p1f1_ssp370,INM-CM5-0,r4i1p1f1,ssp370,-0.23490425012342311,1545.3887432756683,-0.20480782179887644,0.052819065903840834,0.23782590404851378,488.8901888894101,1070.4123495261067,1061.9557965216636,1060.3114667707996,1055.613381768331,-0.8,-1.4,-0.9
INM-CM5-0_r5i1p1f1_ssp370,INM-CM5-0,r5i1p1f1,ssp370,1.2111789930501151,-1419.0428245184444,0.5301021108317548,7.733370427963536e-08,0.4104219995578868,843.6897977576658,1029.9610994288882,1073.5635431786927,1082.0417961300432,1106.2653759910459,4.2,7.4,5.1
INM-CM5-0_r1i1p1f1_ssp585,INM-CM5-0,r1i1p1f1,ssp585,-0.35583886228045825,1857.336736969502,-0.3256251490431958,0.0017374289229429446,0.2188851858364558,449.95443316742114,1137.8305574384153,1125.020358396319,1122.5294863603558,1115.4127091147466,-1.1,-2.0,-1.3
IPSL-CM6A-LR_r1i1p1f1_ssp245,IPSL-CM6A-LR,r1i1p1f1,ssp245,0.6303731056095085,-189.2512442013949,0.5103714688926065,2.7645376654026066e-07,0.22501238050145525,462.54988768327036,1085.3631753410314,1108.0566071429737,1112.4692188822403,1125.0766809944305,2.1,3.7,2.5
IPSL-CM6A-LR_r2i1p1f1_ssp245,IPSL-CM6A-LR,r2i1p1f1,ssp245,-1.1520024962702848,3456.3802788587473,-0.7232479680909892,8.244797294222017e-16,0.2330265342777971,479.02429642852337,1127.0312314002313,1085.5591415345011,1077.4951240606092,1054.4550741352032,-3.7,-6.4,-4.4
IPSL-CM6A-LR_r3i1p1f1_ssp245,IPSL-CM6A-LR,r3i1p1f1,ssp245,1.3383421848848558,-1671.1589617591644,0.6235397993089955,5.227839941193771e-11,0.3554789382337193,730.7453153792649,1034.968936078014,1083.149254733869,1092.5176500280627,1119.28449372576,4.7,8.1,5.6
IPSL-CM6A-LR_r4i1p1f1_ssp245,IPSL-CM6A-LR,r4i1p1f1,ssp245,-0.4923875334015666,2068.5614207196354,-0.41620983012409213,4.5024800982446203e-05,0.2278803029495214,468.445373092922,1072.9538281816676,1055.2278769792115,1051.7811642454003,1041.933413577369,-1.7,-2.9,-2.0
IPSL-CM6A-LR_r5i1p1f1_ssp245,IPSL-CM6A-LR,r5i1p1f1,ssp245,0.243611105669691,550.0049402611882,0.18649063113341022,0.07841637708887543,0.27187757136665813,558.8889812151234,1042.5865959253033,1051.3565957294122,1053.0618734691002,1057.934095582494,0.8,1.5,1.0
IPSL-CM6A-LR_r10i1p1f1_ssp370,IPSL-CM6A-LR,r10i1p1f1,ssp370,1.1032386737667492,-1199.6336821736827,0.7770478851744359,2.202810786791807e-19,0.18932019351552656,389.1787378615616,1031.1149161826843,1070.831508438287,1078.5541791546543,1100.6189526299895,3.9,6.7,4.6
IPSL-CM6A-LR_r1i1p1f1_ssp370,IPSL-CM6A-LR,r1i1p1f1,ssp370,0.8767892210169,-702.5861159395997,0.5760034417838185,2.852723381372507e-09,0.2636026376583278,541.878496508261,1070.2816889565722,1101.8461009131806,1107.983625460299,1125.5194098806369,2.9,5.2,3.5
IPSL-CM6A-LR_r2i1p1f1_ssp370,IPSL-CM6A-LR,r2i1p1f1,ssp370,0.7276158315417731,-385.39272896101215,0.5201721332168453,1.4831609889714305e-07,0.2530836306087915,520.2549506462099,1085.846482416453,1112.0406523519569,1117.1339631727494,1131.6862798035847,2.4,4.2,2.9
IPSL-CM6A-LR_r3i1p1f1_ssp370,IPSL-CM6A-LR,r3i1p1f1,ssp370,0.7163706485698317,-361.2919131281626,0.6093398902418201,1.85114475295126e-10,0.19747925353617155,405.9510251807742,1087.2095382800371,1112.998881628551,1118.01347616854,1132.3408891399365,2.4,4.2,2.8
IPSL-CM6A-LR_r4i1p1f1_ssp370,IPSL-CM6A-LR,r4i1p1f1,ssp370,0.3495071992564874,399.3609174814404,0.2483852880098588,0.01824674795248303,0.2887500684160021,593.5731688039032,1106.0644743780579,1118.6467335512914,1121.093283946087,1128.0834279312166,1.1,2.0,1.4
IPSL-CM6A-LR_r5i1p1f1_ssp370,IPSL-CM6A-LR,r5i1p1f1,ssp370,2.2721528781769083,-3576.0710371173463,0.9475120604629886,2.350057022645063e-45,0.16242112859994418,333.8832939941645,1018.2220825563618,1100.0195861707307,1115.9246563179695,1161.3677138815074,8.0,14.1,9.6
IPSL-CM6A-LR_r6i1p1f1_ssp370,IPSL-CM6A-LR,r6i1p1f1,ssp370,0.7064105804987806,-382.1028306993346,0.5266283113142295,9.735035569571689e-08,0.24156870447596324,496.58412961160263,1046.2593630691997,1071.6901439671558,1076.6350180306472,1090.763229640623,2.4,4.3,2.9
IPSL-CM6A-LR_r7i1p1f1_ssp370,IPSL-CM6A-LR,r7i1p1f1,ssp370,-0.1542341600098571,1366.2542690236892,-0.11841620115526659,0.266306813106775,0.27398251912550986,563.2160468959815,1054.3927974837582,1048.8403677234032,1047.7607286033342,1044.676045403137,-0.5,-0.9,-0.6
IPSL-CM6A-LR_r8i1p1f1_ssp370,IPSL-CM6A-LR,r8i1p1f1,ssp370,-0.30101268686912686,1715.1392946516453,-0.2503622203299139,0.017313574440749643,0.24659231727121,506.91099042267086,1106.4916418022708,1095.6551850749822,1093.5480962668985,1087.5278425295157,-1.0,-1.7,-1.2
IPSL-CM6A-LR_r9i1p1f1_ssp370,IPSL-CM6A-LR,r9i1p1f1,ssp370,-0.22487162194959193,1518.3244154186757,-0.16743661117163774,0.11470424189372576,0.28049777292621036,576.6092206716909,1063.633995836601,1055.5386174464156,1053.9645160927685,1049.4670836537766,-0.8,-1.3,-0.9
IPSL-CM6A-LR_r1i1p1f1_ssp585,IPSL-CM6A-LR,r1i1p1f1,ssp585,-1.168676238663516,3452.437227711811,-0.798705587049272,4.075864121548647e-21,0.18651908469348827,383.42059882878937,1089.3738731341814,1047.3015285422948,1039.12079487165,1015.7472700983799,-3.9,-6.8,-4.6
IPSL-CM6A-LR_r2i1p1f1_ssp585,IPSL-CM6A-LR,r2i1p1f1,ssp585,-0.10365486208148654,1302.3408590892443,-0.07720760219057211,0.4694970130864715,0.28356407159122116,582.9125009620609,1092.7507279604786,1089.019152925545,1088.2935688909747,1086.2204716493447,-0.3,-0.6,-0.4
IPSL-CM6A-LR_r3i1p1f1_ssp585,IPSL-CM6A-LR,r3i1p1f1,ssp585,1.107268673641911,-1193.6968706758926,0.7424424408022496,5.538563649735632e-17,0.21165399762811166,435.0895386841394,1045.2003874280517,1085.0620596791605,1092.8129403946537,1114.958313867492,3.8,6.7,4.6
IPSL-CM6A-LR_r4i1p1f1_ssp585,IPSL-CM6A-LR,r4i1p1f1,ssp585,0.6889834836800339,-319.48551055604435,0.6234097216329824,5.29027908674471e-11,0.1830643363874468,376.31879653074594,1073.6390934449842,1098.4424988574656,1103.2653832432256,1117.0450529168263,2.3,4.0,2.8
KACE-1-0-G_r1i1p1f1_ssp245,KACE-1-0-G,r1i1p1f1,ssp245,1.5030038898466245,-1983.628473741896,0.6910985101842817,4.734860194350593e-14,0.33299252474614877,684.5208009330116,1055.4453915279787,1109.553531562457,1120.0745587913834,1150.134636588316,5.1,9.0,6.1
KACE-1-0-G_r2i1p1f1_ssp245,KACE-1-0-G,r2i1p1f1,ssp245,0.32085606756093926,433.0532773789947,0.3277882689899065,0.001611476064111319,0.19590891007045302,402.7229263887277,1081.824245987214,1093.3750644194079,1095.6210568923343,1102.038178243553,1.1,1.9,1.3
KACE-1-0-G_r3i1p1f1_ssp245,KACE-1-0-G,r3i1p1f1,ssp245,1.1215776034054694,-1193.9834911764233,0.7407150094231852,7.131013367300823e-17,0.215501645420212,442.99901037682827,1073.8464229094357,1114.2232166320327,1122.0742598558709,1144.5058119239802,3.8,6.6,4.5
KACE-1-0-G_r1i1p1f1_ssp370,KACE-1-0-G,r1i1p1f1,ssp370,0.020647944541583862,1002.4379343148919,0.016203120970693208,0.8795201693489803,0.2699236976499457,554.8724730292249,1044.1880781779744,1044.9314041814714,1045.0759397932625,1045.4888986840942,0.1,0.1,0.1
KACE-1-0-G_r2i1p1f1_ssp370,KACE-1-0-G,r2i1p1f1,ssp370,-0.5941684974846485,2321.015433026081,-0.28642479620584826,0.00620261656972991,0.4210473780063259,865.532007492814,1119.606731112122,1098.2166652026744,1094.057485720282,1082.174115770589,-1.9,-3.3,-2.3
KACE-1-0-G_r3i1p1f1_ssp370,KACE-1-0-G,r3i1p1f1,ssp370,2.1152112417234052,-3292.208067556221,0.7920317533735378,1.4654817920019126e-20,0.34538414702742815,709.9938148251616,984.7490632085046,1060.896667910547,1075.703146602611,1118.0073714370792,7.7,13.5,9.2
KACE-1-0-G_r1i1p1f1_ssp585,KACE-1-0-G,r1i1p1f1,ssp585,2.2884884476812073,-3619.3786691133882,0.7134139905480347,3.0181753108540714e-15,0.4761958771850382,978.8988011073073,1007.9449720980128,1090.330556214536,1106.3499753483047,1152.1197443019291,8.2,14.3,9.8
KACE-1-0-G_r2i1p1f1_ssp585,KACE-1-0-G,r2i1p1f1,ssp585,0.7765505979392501,-528.6084739930043,0.2911763977572654,0.005363817244694942,0.540499560918149,1111.085579550721,1041.5768350401593,1069.5326565659723,1074.9685107515472,1090.499522710332,2.7,4.7,3.2
KACE-1-0-G_r3i1p1f1_ssp585,KACE-1-0-G,r3i1p1f1,ssp585,1.0191861616125746,-1016.5039445764335,0.7857884859717815,4.6539617405743474e-20,0.16994334159301402,349.3464376990576,1044.2904742041922,1080.9811760222449,1088.115479153533,1108.4992023857847,3.5,6.1,4.2
MIROC6_r1i1p1f1_ssp245,MIROC6,r1i1p1f1,ssp245,-1.2126912857274836,3550.836399442559,-0.6972220415958784,2.2808652481236826e-14,0.2641377596114726,542.9785275322091,1098.7746197015872,1055.1177334153977,1046.6288944153052,1022.3750687007555,-4.0,-7.0,-4.7
MIROC6_r2i1p1f1_ssp245,MIROC6,r2i1p1f1,ssp245,0.4380495191002807,157.04263575091795,0.37394160214253247,0.00028278604533916475,0.23016053834969186,473.13277129692193,1042.7787633716857,1058.5485460592956,1061.6148926929977,1070.3758830750032,1.5,2.6,1.8
MIROC6_r3i1p1f1_ssp245,MIROC6,r3i1p1f1,ssp245,0.33415061450556804,379.99668232095996,0.29142958412336567,0.005322091390813202,0.23235679772227902,477.64754299014857,1055.6492248512186,1067.6786469734188,1070.017701274958,1076.7007135650692,1.1,2.0,1.4
MIROC6_r1i1p1f1_ssp370,MIROC6,r1i1p1f1,ssp370,-0.3148362222427813,1693.3116717029543,-0.27986572277953525,0.007550493981249652,0.22879356700954998,470.3227372959493,1056.7128303280506,1045.3787263273102,1043.1748727716108,1036.8781483267553,-1.1,-1.9,-1.3
MIROC6_r2i1p1f1_ssp370,MIROC6,r2i1p1f1,ssp370,-0.745662125025081,2571.7975222654986,-0.5579172134790199,1.111487727012222e-08,0.23497204424394827,483.0236115520931,1064.068705464785,1037.2248689638818,1032.0052340887064,1017.0919915882048,-2.5,-4.4,-3.0
MIROC6_r3i1p1f1_ssp370,MIROC6,r3i1p1f1,ssp370,0.8462711730565773,-706.1326404350414,0.4522811695310597,7.633428693227816e-06,0.3535290545300703,726.7370093202456,1005.0276714853578,1035.4934337153948,1041.4173319267907,1058.3427553879224,3.0,5.3,3.6
MIROC6_r1i1p1f1_ssp585,MIROC6,r1i1p1f1,ssp585,-0.5082416127530522,2088.356670053651,-0.3183002922419567,0.0022327508600780695,0.32066886358234337,659.1874922747887,1060.6921290669795,1042.3954310078698,1038.8377397185984,1028.6729074635373,-1.7,-3.0,-2.1
MIROC6_r2i1p1f1_ssp585,MIROC6,r2i1p1f1,ssp585,1.4124813973274217,-1852.3185327333633,0.7310949260924746,2.8109825156995655e-16,0.27924717523879045,574.0384118185783,1003.7188526626835,1054.5681829664707,1064.4555527477626,1092.7051806943111,5.1,8.9,6.1
MIROC6_r3i1p1f1_ssp585,MIROC6,r3i1p1f1,ssp585,-0.1756113732413289,1437.9946169840541,-0.10610804133787083,0.3195555772790625,0.3486306074855176,716.6674472577901,1082.9084202900872,1076.5864108533992,1075.35713124071,1071.8449037758833,-0.6,-1.0,-0.7
MIROC6_r4i1p1f1_ssp585,MIROC6,r4i1p1f1,ssp585,0.45138105180451743,103.57662792405802,0.45662937438953827,6.0779915988578134e-06,0.18630391032489352,382.9782725896553,1016.2691146727923,1032.5188325377549,1035.6784999003867,1044.706120936477,1.6,2.8,1.9
MIROC6_r5i1p1f1_ssp585,MIROC6,r5i1p1f1,ssp585,-1.5244499566886243,4230.646642288677,-0.8654546007035576,3.752957756908135e-28,0.18694572180417376,384.2976214494528,1148.2088298642789,1093.3286314234883,1082.6574817266678,1052.1684825928955,-4.8,-8.4,-5.7
MPI-ESM1-2-HR_r1i1p1f1_ssp245,MPI-ESM1-2-HR,r1i1p1f1,ssp245,-0.09473540866844621,1232.4737431610426,-0.07202179571582068,0.499939680756734,0.2779322636755182,571.3353952354482,1040.9187468334444,1037.5082721213803,1036.8451242607011,1034.9504160873323,-0.3,-0.6,-0.4
MPI-ESM1-2-HR_r2i1p1f1_ssp245,MPI-ESM1-2-HR,r2i1p1f1,ssp245,-1.124904913130182,3361.745092210441,-0.8164680852248929,1.0555443601424125e-22,0.16852571000782754,346.43226324766545,1087.1873578612126,1046.690780988526,1038.8164465966147,1016.3183483340113,-3.7,-6.5,-4.4
MPI-ESM1-2-HR_r10i1p1f1_ssp370,MPI-ESM1-2-HR,r10i1p1f1,ssp370,-0.44788669262324854,1982.1168467874857,-0.28973548041710373,0.005606858573416794,0.313434460597625,644.3159892909102,1076.489954303277,1060.3660333688401,1057.2308265204774,1048.2730926680124,-1.5,-2.6,-1.8
MPI-ESM1-2-HR_r1i1p1f1_ssp370,MPI-ESM1-2-HR,r1i1p1f1,ssp370,0.6207082080001849,-230.11761813414864,0.535303778315242,5.452080908733062e-08,0.20748599661442252,426.5215283531114,1024.954378442225,1047.2998739302318,1051.6448313862331,1064.058995546237,2.2,3.8,2.6
MPI-ESM1-2-HR_r2i1p1f1_ssp370,MPI-ESM1-2-HR,r2i1p1f1,ssp370,-0.292114630720342,1671.9882179090166,-0.21695358360797606,0.0399791093179923,0.2784435248652686,572.3863765430938,1081.3324345924852,1070.8163078865527,1068.7715054715104,1062.9292128571037,-1.0,-1.7,-1.2
MPI-ESM1-2-HR_r3i1p1f1_ssp370,MPI-ESM1-2-HR,r3i1p1f1,ssp370,-1.6183617855120018,4385.629470407548,-0.7713811149341792,5.816090442716116e-19,0.28283851641325325,581.4210031816759,1113.3019401022802,1055.0409158238485,1043.7123833252645,1011.3451476150244,-5.2,-9.2,-6.3
MPI-ESM1-2-HR_r4i1p1f1_ssp370,MPI-ESM1-2-HR,r4i1p1f1,ssp370,-1.9343937458309386,5003.079967341796,-0.8280833905763327,7.762739882799477e-24,0.2774262855653112,570.2952741651104,1091.735813271638,1022.0976384217242,1008.5568822009077,969.8690072842892,-6.4,-11.2,-7.6
MPI-ESM1-2-HR_r5i1p1f1_ssp370,MPI-ESM1-2-HR,r5i1p1f1,ssp370,-0.115734107812801,1276.2436224985868,-0.05727322433297358,0.5918294043729366,0.42738192821349497,878.5537153664887,1042.2292565011032,1038.0628286198423,1037.2526898651527,1034.9380077088967,-0.4,-0.7,-0.5
MPI-ESM1-2-HR_r6i1p1f1_ssp370,MPI-ESM1-2-HR,r6i1p1f1,ssp370,0.8112950776848238,-627.659191561534,0.4332474988415831,1.9966900879524254e-05,0.35753616487161755,734.9742824617792,1012.7794555171797,1041.9860783138333,1047.665143857627,1063.8910454113236,2.9,5.0,3.4
MPI-ESM1-2-HR_r7i1p1f1_ssp370,MPI-ESM1-2-HR,r7i1p1f1,ssp370,-0.857113344070173,2796.928141728562,-0.4727432913601048,2.5408716135954213e-06,0.33845999773854557,695.7600892464301,1063.844960018672,1032.9888796321459,1026.9890862236546,1009.8468193422511,-2.9,-5.1,-3.5
MPI-ESM1-2-HR_r8i1p1f1_ssp370,MPI-ESM1-2-HR,r8i1p1f1,ssp370,1.0227830423383517,-1075.6840133985706,0.5503346634196916,1.9195761391932053e-08,0.32872593254220145,675.7501202250078,992.3832982095764,1029.2034877337574,1036.3629690301254,1056.8186298768928,3.7,6.5,4.4
MPI-ESM1-2-HR_r9i1p1f1_ssp370,MPI-ESM1-2-HR,r9i1p1f1,ssp370,0.5846786030158185,-129.7263661024233,0.4227954338636332,3.3051964592645646e-05,0.265486782506404,545.7516655575126,1052.4937691955618,1073.5421989041313,1077.634949125242,1089.3285211855584,2.0,3.5,2.4
MPI-ESM1-2-HR_r1i1p1f1_ssp585,MPI-ESM1-2-HR,r1i1p1f1,ssp585,-1.3870560735484585,3898.0623503915913,-0.5623053845879128,8.050844441249454e-09,0.43212582762711826,888.3055794019791,1093.434969676608,1043.5009510288637,1033.7915585140245,1006.0504370430554,-4.6,-8.0,-5.5
MPI-ESM1-2-HR_r2i1p1f1_ssp585,MPI-ESM1-2-HR,r2i1p1f1,ssp585,-0.8039720063400589,2677.221441727407,-0.5055080236444545,3.738601953302775e-07,0.29070594765777164,597.5937996757973,1051.590044907808,1022.6470526795658,1017.0192486351855,1000.9398085083842,-2.8,-4.8,-3.3
MRI-ESM2-0_r1i1p1f1_ssp245,MRI-ESM2-0,r1i1p1f1,ssp245,0.025362404758625192,976.9832162851172,0.022296079494963,0.8347695822212982,0.24092054255631246,495.2517263790921,1028.2659987070574,1029.179045278368,1029.3565821116783,1029.8638302068507,0.1,0.2,0.1
MRI-ESM2-0_r1i1p1f1_ssp370,MRI-ESM2-0,r1i1p1f1,ssp370,1.290338160115801,-1578.5717090675005,0.8368761178257372,9.419958151691895e-25,0.17879730006728264,367.54720286894917,1030.4920506866495,1076.944224450818,1085.9765915716287,1111.783354773945,4.5,7.9,5.4
MRI-ESM2-0_r2i1p1f1_ssp370,MRI-ESM2-0,r2i1p1f1,ssp370,0.42192068395785604,213.52767561768417,0.4273564862677482,2.6580693174116047e-05,0.18909010259929154,388.7057482099511,1066.651298580469,1081.840443202952,1084.793887990657,1093.232301669814,1.4,2.5,1.7
MRI-ESM2-0_r3i1p1f1_ssp370,MRI-ESM2-0,r3i1p1f1,ssp370,2.655553042930756,-4399.250695823085,0.7153215366109473,2.3565608387596827e-15,0.5495707853765192,1129.7329706187948,970.2775569829037,1065.8774665284109,1084.466337828926,1137.577398687541,9.9,17.2,11.8
MRI-ESM2-0_r4i1p1f1_ssp370,MRI-ESM2-0,r4i1p1f1,ssp370,0.5059392765557195,73.09521906901341,0.4063078696326062,7.081503955155092e-05,0.24103709941233487,495.4913281314123,1096.104436264678,1114.3182502206841,1117.859825156574,1127.9786106876884,1.7,2.9,2.0
MRI-ESM2-0_r5i1p1f1_ssp370,MRI-ESM2-0,r5i1p1f1,ssp370,-0.4411168138162675,1934.4570276786803,-0.28735779233088005,0.006029302438371707,0.3114841256654092,640.3067556574953,1042.5188301421874,1026.6386248448018,1023.550807148088,1014.7284708717626,-1.5,-2.7,-1.8
MRI-ESM2-0_r1i1p1f1_ssp585,MRI-ESM2-0,r1i1p1f1,ssp585,1.1539483228027674,-1345.778857466926,0.7394667059978731,8.549180591979668e-17,0.22254984307308412,457.48773773236326,987.5046512402698,1029.0467908611693,1037.1244291207888,1060.203395576844,4.2,7.4,5.0
