mvs,1,2,3,4,5
ACCESS-CM2_r1i1p1f1_ssp245,2031,2052,2072,2100,2100
ACCESS-CM2_r1i1p1f1_ssp370,2030,2048,2074,2092,2100
ACCESS-CM2_r1i1p1f1_ssp585,2026,2046,2062,2074,2088
ACCESS-CM2_r2i1p1f1_ssp245,2027,2050,2077,2100,2100
ACCESS-CM2_r2i1p1f1_ssp370,2028,2047,2065,2085,2100
ACCESS-CM2_r2i1p1f1_ssp585,2026,2045,2064,2078,2092
ACCESS-CM2_r3i1p1f1_ssp245,2026,2055,2077,2100,2100
ACCESS-CM2_r3i1p1f1_ssp370,2027,2050,2068,2089,2100
ACCESS-CM2_r3i1p1f1_ssp585,2026,2046,2066,2079,2090
CESM2-LENS_r10i1p1f1_ssp370,2037,2065,2089,2100,2100
CESM2-LENS_r1i1p1f1_ssp370,2037,2058,2087,2100,2100
CESM2-LENS_r4i1p1f1_ssp370,2035,2061,2082,2100,2100
CESM2-LENS_r5i1p1f1_ssp370,2036,2063,2082,2098,2100
CESM2-LENS_r6i1p1f1_ssp370,2038,2064,2086,2100,2100
CESM2-LENS_r7i1p1f1_ssp370,2034,2056,2075,2100,2100
CESM2-LENS_r8i1p1f1_ssp370,2027,2052,2084,2100,2100
CESM2-LENS_r9i1p1f1_ssp370,2036,2063,2085,2100,2100
CNRM-ESM2-1_r1i1p1f2_ssp245,2037,2065,2096,2100,2100
CNRM-ESM2-1_r1i1p1f2_ssp370,2037,2059,2080,2095,2100
CNRM-ESM2-1_r1i1p1f2_ssp585,2037,2054,2070,2085,2098
EC-Earth3-Veg_r1i1p1f1_ssp245,2040,2068,2097,2100,2100
EC-Earth3-Veg_r1i1p1f1_ssp370,2047,2067,2081,2091,2100
EC-Earth3-Veg_r1i1p1f1_ssp585,2037,2054,2068,2082,2093
EC-Earth3-Veg_r2i1p1f1_ssp245,2027,2052,2087,2100,2100
EC-Earth3-Veg_r2i1p1f1_ssp370,2034,2056,2074,2093,2100
EC-Earth3-Veg_r2i1p1f1_ssp585,2025,2051,2068,2082,2094
EC-Earth3-Veg_r3i1p1f1_ssp245,2035,2062,2094,2100,2100
EC-Earth3-Veg_r3i1p1f1_ssp370,2047,2066,2079,2094,2100
EC-Earth3-Veg_r3i1p1f1_ssp585,2040,2057,2070,2082,2093
EC-Earth3-Veg_r4i1p1f1_ssp245,2026,2041,2066,2100,2100
EC-Earth3-Veg_r4i1p1f1_ssp370,2029,2047,2068,2085,2098
EC-Earth3-Veg_r4i1p1f1_ssp585,2025,2039,2059,2077,2088
EC-Earth3-Veg_r5i1p1f1_ssp245,2040,2068,2098,2100,2100
EC-Earth3_r1i1p1f1_ssp245,2028,2050,2077,2100,2100
EC-Earth3_r1i1p1f1_ssp370,2025,2040,2067,2083,2096
EC-Earth3_r1i1p1f1_ssp585,2029,2042,2056,2072,2086
EC-Earth3_r2i1p1f1_ssp245,2036,2056,2092,2100,2100
EC-Earth3_r3i1p1f1_ssp585,2039,2055,2068,2079,2089
EC-Earth3_r4i1p1f1_ssp245,2046,2065,2093,2100,2100
EC-Earth3_r4i1p1f1_ssp370,2040,2059,2078,2091,2100
EC-Earth3_r4i1p1f1_ssp585,2040,2057,2069,2081,2090
FGOALS-g3_r1i1p1f1_ssp245,2042,2095,2100,2100,2100
FGOALS-g3_r1i1p1f1_ssp370,2047,2071,2096,2100,2100
FGOALS-g3_r1i1p1f1_ssp585,2035,2065,2092,2100,2100
FGOALS-g3_r3i1p1f1_ssp245,2041,2100,2100,2100,2100
FGOALS-g3_r3i1p1f1_ssp370,2036,2069,2100,2100,2100
FGOALS-g3_r3i1p1f1_ssp585,2041,2069,2091,2100,2100
FGOALS-g3_r4i1p1f1_ssp245,2042,2100,2100,2100,2100
FGOALS-g3_r4i1p1f1_ssp370,2037,2073,2100,2100,2100
FGOALS-g3_r4i1p1f1_ssp585,2038,2070,2100,2100,2100
FGOALS-g3_r5i1p1f1_ssp370,2041,2073,2100,2100,2100
GFDL-ESM4_r1i1p1f1_ssp245,2035,2095,2100,2100,2100
GFDL-ESM4_r1i1p1f1_ssp370,2038,2066,2091,2100,2100
GFDL-ESM4_r1i1p1f1_ssp585,2040,2062,2082,2100,2100
HadGEM3-GC31-LL_r1i1p1f3_ssp245,2025,2042,2063,2087,2100
HadGEM3-GC31-LL_r1i1p1f3_ssp585,2024,2037,2054,2069,2080
HadGEM3-GC31-LL_r2i1p1f3_ssp585,2026,2041,2057,2071,2084
HadGEM3-GC31-LL_r3i1p1f3_ssp585,2025,2040,2053,2067,2080
INM-CM5-0_r1i1p1f1_ssp245,2040,2084,2100,2100,2100
INM-CM5-0_r1i1p1f1_ssp370,2037,2062,2090,2100,2100
INM-CM5-0_r1i1p1f1_ssp585,2031,2056,2078,2100,2100
INM-CM5-0_r2i1p1f1_ssp370,2039,2066,2093,2100,2100
INM-CM5-0_r3i1p1f1_ssp370,2034,2057,2085,2100,2100
INM-CM5-0_r4i1p1f1_ssp370,2038,2060,2080,2100,2100
INM-CM5-0_r5i1p1f1_ssp370,2038,2066,2091,2100,2100
IPSL-CM6A-LR_r10i1p1f1_ssp370,2026,2050,2072,2088,2100
IPSL-CM6A-LR_r1i1p1f1_ssp245,2043,2064,2090,2100,2100
IPSL-CM6A-LR_r1i1p1f1_ssp370,2040,2061,2080,2094,2100
IPSL-CM6A-LR_r1i1p1f1_ssp585,2040,2055,2068,2079,2091
IPSL-CM6A-LR_r2i1p1f1_ssp245,2031,2054,2082,2100,2100
IPSL-CM6A-LR_r2i1p1f1_ssp370,2038,2057,2073,2088,2100
IPSL-CM6A-LR_r2i1p1f1_ssp585,2036,2051,2066,2077,2091
IPSL-CM6A-LR_r3i1p1f1_ssp245,2035,2055,2096,2100,2100
IPSL-CM6A-LR_r3i1p1f1_ssp370,2039,2058,2073,2093,2100
IPSL-CM6A-LR_r3i1p1f1_ssp585,2036,2056,2067,2079,2090
IPSL-CM6A-LR_r4i1p1f1_ssp245,2033,2058,2078,2100,2100
IPSL-CM6A-LR_r4i1p1f1_ssp370,2032,2054,2069,2082,2098
IPSL-CM6A-LR_r4i1p1f1_ssp585,2029,2048,2065,2076,2086
IPSL-CM6A-LR_r5i1p1f1_ssp245,2041,2060,2089,2100,2100
IPSL-CM6A-LR_r5i1p1f1_ssp370,2038,2057,2077,2092,2100
IPSL-CM6A-LR_r6i1p1f1_ssp370,2039,2061,2076,2089,2100
IPSL-CM6A-LR_r7i1p1f1_ssp370,2030,2053,2073,2089,2100
IPSL-CM6A-LR_r8i1p1f1_ssp370,2032,2054,2072,2086,2100
IPSL-CM6A-LR_r9i1p1f1_ssp370,2033,2056,2072,2090,2100
KACE-1-0-G_r1i1p1f1_ssp245,2024,2042,2066,2100,2100
KACE-1-0-G_r1i1p1f1_ssp370,2023,2040,2065,2087,2100
KACE-1-0-G_r1i1p1f1_ssp585,2024,2041,2058,2076,2091
KACE-1-0-G_r2i1p1f1_ssp245,2030,2048,2079,2100,2100
KACE-1-0-G_r2i1p1f1_ssp370,2030,2046,2073,2094,2100
KACE-1-0-G_r2i1p1f1_ssp585,2030,2044,2062,2080,2094
KACE-1-0-G_r3i1p1f1_ssp245,2027,2046,2082,2100,2100
KACE-1-0-G_r3i1p1f1_ssp370,2026,2042,2074,2096,2100
KACE-1-0-G_r3i1p1f1_ssp585,2027,2044,2065,2084,2099
MIROC6_r1i1p1f1_ssp245,2029,2062,2080,2100,2100
MIROC6_r1i1p1f1_ssp370,2027,2046,2070,2100,2100
MIROC6_r1i1p1f1_ssp585,2027,2046,2061,2081,2100
MIROC6_r2i1p1f1_ssp245,2035,2067,2095,2100,2100
MIROC6_r2i1p1f1_ssp370,2040,2065,2081,2100,2100
MIROC6_r2i1p1f1_ssp585,2032,2057,2075,2094,2100
MIROC6_r3i1p1f1_ssp245,2027,2050,2100,2100,2100
MIROC6_r3i1p1f1_ssp370,2027,2040,2090,2100,2100
MIROC6_r3i1p1f1_ssp585,2034,2052,2063,2084,2100
MIROC6_r4i1p1f1_ssp585,2031,2051,2068,2088,2099
MIROC6_r5i1p1f1_ssp585,2038,2057,2072,2085,2096
MPI-ESM1-2-HR_r10i1p1f1_ssp370,2036,2066,2098,2100,2100
MPI-ESM1-2-HR_r1i1p1f1_ssp245,2056,2100,2100,2100,2100
MPI-ESM1-2-HR_r1i1p1f1_ssp370,2049,2079,2100,2100,2100
MPI-ESM1-2-HR_r1i1p1f1_ssp585,2047,2075,2089,2100,2100
MPI-ESM1-2-HR_r2i1p1f1_ssp245,2053,2093,2100,2100,2100
MPI-ESM1-2-HR_r2i1p1f1_ssp370,2037,2079,2100,2100,2100
MPI-ESM1-2-HR_r2i1p1f1_ssp585,2048,2069,2089,2100,2100
MPI-ESM1-2-HR_r3i1p1f1_ssp370,2043,2075,2095,2100,2100
MPI-ESM1-2-HR_r4i1p1f1_ssp370,2050,2073,2097,2100,2100
MPI-ESM1-2-HR_r5i1p1f1_ssp370,2051,2078,2100,2100,2100
MPI-ESM1-2-HR_r6i1p1f1_ssp370,2037,2080,2100,2100,2100
MPI-ESM1-2-HR_r7i1p1f1_ssp370,2043,2069,2093,2100,2100
MPI-ESM1-2-HR_r8i1p1f1_ssp370,2039,2081,2100,2100,2100
MPI-ESM1-2-HR_r9i1p1f1_ssp370,2056,2084,2100,2100,2100
MRI-ESM2-0_r1i1p1f1_ssp245,2030,2057,2100,2100,2100
MRI-ESM2-0_r1i1p1f1_ssp370,2032,2059,2091,2100,2100
MRI-ESM2-0_r1i1p1f1_ssp585,2027,2047,2074,2092,2100
MRI-ESM2-0_r2i1p1f1_ssp370,2037,2069,2092,2100,2100
MRI-ESM2-0_r3i1p1f1_ssp370,2032,2067,2100,2100,2100
MRI-ESM2-0_r4i1p1f1_ssp370,2038,2063,2098,2100,2100
MRI-ESM2-0_r5i1p1f1_ssp370,2035,2079,2100,2100,2100
