mvs,m,v,s,slope,intercept,pr_change_2043,pr_change_2070,pr_change_2050,base,2043,2050,2070
ACCESS-CM2_r1i1p1f1_ssp245,ACCESS-CM2,r1i1p1f1,ssp245,2.311455537782047,-3553.3676809273384,7.9,13.9,9.5,1051.051750334499,1134.2641496946526,1150.4443384591268,1196.673449214768
ACCESS-CM2_r2i1p1f1_ssp245,ACCESS-CM2,r2i1p1f1,ssp245,1.6341406584424392,-2159.0563529415076,5.4,9.4,6.4,1096.1518386758312,1154.9809023797588,1166.419886988856,1199.102700157705
ACCESS-CM2_r3i1p1f1_ssp245,ACCESS-CM2,r3i1p1f1,ssp245,1.6680002537071081,-2261.091495172937,5.7,9.9,6.8,1061.5650102116224,1121.6130193450786,1133.2890211210283,1166.6490261951703
ACCESS-CM2_r1i1p1f1_ssp370,ACCESS-CM2,r1i1p1f1,ssp370,1.8832889863251638,-2655.8214263687605,6.2,10.8,7.4,1095.690234390966,1163.4886378986716,1176.6716608029478,1214.3374405294512
ACCESS-CM2_r2i1p1f1_ssp370,ACCESS-CM2,r2i1p1f1,ssp370,0.049741661602421175,984.3755241545836,0.2,0.3,0.2,1083.4609140666066,1085.2516138842936,1085.5998055155108,1086.594638747559
ACCESS-CM2_r3i1p1f1_ssp370,ACCESS-CM2,r3i1p1f1,ssp370,1.903438487056278,-2715.65749880958,6.4,11.1,7.6,1075.9919674065259,1144.515752940552,1157.8398223499457,1195.9085920910711
ACCESS-CM2_r1i1p1f1_ssp585,ACCESS-CM2,r1i1p1f1,ssp585,1.162662874869386,-1252.679098433501,3.9,6.9,4.7,1063.3453483063156,1105.201211801614,1113.3398519256996,1136.593109423087
ACCESS-CM2_r2i1p1f1_ssp585,ACCESS-CM2,r2i1p1f1,ssp585,0.9798527700120944,-811.2277425376808,3.1,5.4,3.7,1140.6389753264111,1175.9136750468465,1182.7726444369312,1202.3696998371731
ACCESS-CM2_r3i1p1f1_ssp585,ACCESS-CM2,r3i1p1f1,ssp585,1.112617196357155,-1150.3865477578986,3.8,6.6,4.5,1065.9469073855541,1106.0011264544116,1113.7894468289117,1136.0417907560548
CESM2-LENS_r10i1p1f1_ssp370,CESM2-LENS,r10i1p1f1,ssp370,2.630047034606226,-4209.787758638227,9.2,16.1,11.0,1029.2659342973748,1123.947627543199,1142.357956785443,1194.958897477567
CESM2-LENS_r1i1p1f1_ssp370,CESM2-LENS,r1i1p1f1,ssp370,-0.29677652689081596,1721.1651108773654,-0.9,-1.7,-1.1,1129.9862693108598,1119.3023143427906,1117.224878654555,1111.2893481167384
CESM2-LENS_r4i1p1f1_ssp370,CESM2-LENS,r4i1p1f1,ssp370,1.4139075358131548,-1768.7749691193792,4.9,8.5,5.8,1047.728842220425,1098.6295135096987,1108.5268662603905,1136.8050169766536
CESM2-LENS_r5i1p1f1_ssp370,CESM2-LENS,r5i1p1f1,ssp370,0.7272685955554083,-357.42083869190606,2.4,4.2,2.9,1091.2982036544674,1117.4798730944622,1122.5707532633498,1137.1161251744581
CESM2-LENS_r6i1p1f1_ssp370,CESM2-LENS,r6i1p1f1,ssp370,1.0132774721664015,-1043.555357441157,3.7,6.5,4.5,974.893367114315,1011.3713561123054,1018.4642984174702,1038.7298478607981
CESM2-LENS_r7i1p1f1_ssp370,CESM2-LENS,r7i1p1f1,ssp370,-0.71836986676642,2508.2986490322637,-2.4,-4.2,-2.9,1077.3058744335551,1051.444559229964,1046.415970162599,1032.0485728272706
CESM2-LENS_r8i1p1f1_ssp370,CESM2-LENS,r8i1p1f1,ssp370,0.95002856276357,-889.0151739366975,3.4,6.0,4.1,1003.4417230883339,1037.6427513478225,1044.2929512871674,1063.2935225424387
CESM2-LENS_r9i1p1f1_ssp370,CESM2-LENS,r9i1p1f1,ssp370,-0.26671021978783144,1623.4460095088862,-0.9,-1.5,-1.1,1092.159251691526,1082.557683779164,1080.6907122406492,1075.3565078448926
CNRM-ESM2-1_r1i1p1f2_ssp245,CNRM-ESM2-1,r1i1p1f2,ssp245,1.4131921931817657,-1718.2881186671761,4.6,8.1,5.5,1096.7907301509013,1147.6656491054446,1157.557994457717,1185.8218383213525
CNRM-ESM2-1_r1i1p1f2_ssp370,CNRM-ESM2-1,r1i1p1f2,ssp370,0.2601299802846955,567.0940129123197,0.9,1.5,1.0,1085.2729336394332,1094.6376129296823,1096.458522791675,1101.661122397369
CNRM-ESM2-1_r1i1p1f2_ssp585,CNRM-ESM2-1,r1i1p1f2,ssp585,-1.230058518938931,3544.482632660973,-4.0,-7.1,-4.8,1094.2060629346224,1049.923956252821,1041.3135466202484,1016.7123762414699
EC-Earth3_r1i1p1f1_ssp245,EC-Earth3,r1i1p1f1,ssp245,-0.31867287365488706,1811.1892230685248,-1.0,-1.7,-1.2,1176.39285874799,1164.9206352964138,1162.6899251808295,1156.316467707732
EC-Earth3_r2i1p1f1_ssp245,EC-Earth3,r2i1p1f1,ssp245,1.8614701989466869,-2673.7417229569082,6.5,11.3,7.7,1034.306913344892,1101.319840506973,1114.3501318995995,1151.579535878533
EC-Earth3_r4i1p1f1_ssp245,EC-Earth3,r4i1p1f1,ssp245,-0.5783703051224478,2300.997998383833,-1.8,-3.2,-2.2,1148.8843505799168,1128.0630195955089,1124.0144274596516,1112.4470213572026
EC-Earth3_r1i1p1f1_ssp370,EC-Earth3,r1i1p1f1,ssp370,-0.7712682762011058,2658.1120548723193,-2.5,-4.3,-3.0,1121.7456486797164,1093.9799907364766,1088.581112803069,1073.1557472790469
EC-Earth3_r4i1p1f1_ssp370,EC-Earth3,r4i1p1f1,ssp370,-0.44816994830454543,2008.7715381502762,-1.4,-2.5,-1.7,1116.0170011276218,1099.8828829886581,1096.7456933505264,1087.7822943844353
EC-Earth3_r1i1p1f1_ssp585,EC-Earth3,r1i1p1f1,ssp585,-1.016981080772103,3191.471063224076,-3.1,-5.5,-3.8,1165.6447503260467,1129.033431418251,1121.9145638528462,1101.5749422374042
EC-Earth3_r3i1p1f1_ssp585,EC-Earth3,r3i1p1f1,ssp585,-1.0417822282814777,3243.73357350159,-3.2,-5.6,-3.8,1168.5033747648863,1130.9992145467531,1123.706738948783,1102.8710943831534
EC-Earth3_r4i1p1f1_ssp585,EC-Earth3,r4i1p1f1,ssp585,-1.43715828296212,4008.307969145707,-4.5,-7.9,-5.4,1145.4886694851639,1093.750971298528,1083.6908633177927,1054.9476976585506
EC-Earth3-Veg_r1i1p1f1_ssp245,EC-Earth3-Veg,r1i1p1f1,ssp245,0.4412919421002586,267.2420957902291,1.4,2.4,1.7,1146.2956444539443,1162.1821543695537,1165.2711979642554,1174.0970368062606
EC-Earth3-Veg_r2i1p1f1_ssp245,EC-Earth3-Veg,r2i1p1f1,ssp245,-0.36865339909857675,1864.0829986589638,-1.2,-2.1,-1.4,1129.725427654599,1116.45390528705,1113.8733314933602,1106.5002635113885
EC-Earth3-Veg_r3i1p1f1_ssp245,EC-Earth3-Veg,r3i1p1f1,ssp245,0.5605608179138221,-19.278188019701474,1.8,3.2,2.2,1097.3589612646322,1117.5391507095296,1121.4630764349265,1132.6742927932028
EC-Earth3-Veg_r4i1p1f1_ssp245,EC-Earth3-Veg,r4i1p1f1,ssp245,-0.6977196579515478,2530.3838140115695,-2.2,-3.9,-2.6,1140.5262553720863,1115.4083476858307,1110.5243100801697,1096.5699169211389
EC-Earth3-Veg_r5i1p1f1_ssp245,EC-Earth3-Veg,r5i1p1f1,ssp245,-0.27916776404321875,1653.0432439170827,-0.9,-1.6,-1.1,1096.941057942991,1086.891018437435,1084.9368440891326,1079.3534888082681
EC-Earth3-Veg_r1i1p1f1_ssp370,EC-Earth3-Veg,r1i1p1f1,ssp370,0.07980548885654502,1015.5631527778215,0.2,0.4,0.3,1174.5356865800593,1177.4086841788949,1177.9673226008906,1179.5634323780216
EC-Earth3-Veg_r2i1p1f1_ssp370,EC-Earth3-Veg,r2i1p1f1,ssp370,-0.8198454205449325,2800.8550846625653,-2.5,-4.4,-3.0,1167.7230069370598,1138.2085717974423,1132.4696538536277,1116.072745442729
EC-Earth3-Veg_r3i1p1f1_ssp370,EC-Earth3-Veg,r3i1p1f1,ssp370,1.0989567754781289,-1040.3020875701316,3.4,6.0,4.1,1148.8198091823012,1188.3822530995137,1196.0749505278607,1218.0540860374233
EC-Earth3-Veg_r4i1p1f1_ssp370,EC-Earth3-Veg,r4i1p1f1,ssp370,0.10193530977430061,943.440166346981,0.3,0.6,0.4,1146.4953034173877,1150.1649745692625,1150.8785217376826,1152.9172279331688
EC-Earth3-Veg_r1i1p1f1_ssp585,EC-Earth3-Veg,r1i1p1f1,ssp585,-0.5130295663734773,2154.331990513605,-1.6,-2.9,-1.9,1132.3770942976382,1113.908029908193,1110.3168229435787,1100.0562316161092
EC-Earth3-Veg_r2i1p1f1_ssp585,EC-Earth3-Veg,r2i1p1f1,ssp585,0.39823609947084593,396.2223790154003,1.2,2.1,1.4,1189.5086891613255,1203.8451887422757,1206.6328414385716,1214.5975634279887
EC-Earth3-Veg_r3i1p1f1_ssp585,EC-Earth3-Veg,r3i1p1f1,ssp585,-0.622712333592145,2408.254292898322,-1.9,-3.4,-2.3,1167.8113243827693,1145.393680373452,1141.0346940383072,1128.580447366464
EC-Earth3-Veg_r4i1p1f1_ssp585,EC-Earth3-Veg,r4i1p1f1,ssp585,1.0174551311535731,-938.6513847085816,3.4,5.9,4.0,1088.119236549336,1124.7476212708648,1131.8698071889398,1152.2189098120111
FGOALS-g3_r1i1p1f1_ssp245,FGOALS-g3,r1i1p1f1,ssp245,1.1304449929875695,-1178.7616374057964,3.8,6.6,4.5,1073.0847886254421,1113.7808083729944,1121.6939233239075,1144.302823183659
FGOALS-g3_r3i1p1f1_ssp245,FGOALS-g3,r3i1p1f1,ssp245,-2.800194486775484,6771.53574706718,-8.4,-14.8,-10.1,1193.5483294104151,1092.7413278864979,1073.1399664790697,1017.1360767435599
FGOALS-g3_r4i1p1f1_ssp245,FGOALS-g3,r4i1p1f1,ssp245,0.6559038413406532,-150.33067660964934,2.0,3.6,2.4,1156.2297753409318,1179.8423136291954,1184.4336405185798,1197.551717345393
FGOALS-g3_r1i1p1f1_ssp370,FGOALS-g3,r1i1p1f1,ssp370,1.5999326829009206,-2123.071983541282,5.4,9.5,6.5,1063.993920797352,1121.5914973817848,1132.7910261620914,1164.78967982011
FGOALS-g3_r3i1p1f1_ssp370,FGOALS-g3,r3i1p1f1,ssp370,0.07254282049946599,1000.1102748614798,0.2,0.4,0.3,1144.615573296416,1147.2271148343968,1147.734914577893,1149.1857709878823
FGOALS-g3_r4i1p1f1_ssp370,FGOALS-g3,r4i1p1f1,ssp370,0.7177846049935307,-312.2862655477538,2.3,4.0,2.8,1117.5406675993593,1143.3809133791265,1148.4054056140812,1162.7610977139518
FGOALS-g3_r5i1p1f1_ssp370,FGOALS-g3,r5i1p1f1,ssp370,3.168425067743337,-5312.721070449153,11.4,20.0,13.6,998.7816644955747,1112.8449669343354,1135.0239424085385,1198.392443763405
FGOALS-g3_r1i1p1f1_ssp585,FGOALS-g3,r1i1p1f1,ssp585,3.8158600156359834,-6585.0865419972415,13.5,23.7,16.1,1016.1066091496377,1153.4775697125333,1180.1885898219844,1256.5057901347045
FGOALS-g3_r3i1p1f1_ssp585,FGOALS-g3,r3i1p1f1,ssp585,1.4479359722580991,-1727.2048265416167,4.5,7.9,5.4,1157.0836301965167,1209.2093251978083,1219.344877003615,1248.303596448777
FGOALS-g3_r4i1p1f1_ssp585,FGOALS-g3,r4i1p1f1,ssp585,2.038628371018859,-3003.7454599825414,6.9,12.1,8.3,1057.2022550870256,1130.592876443704,1144.863275040836,1185.6358424612135
GFDL-ESM4_r1i1p1f1_ssp245,GFDL-ESM4,r1i1p1f1,ssp245,1.1758837541510125,-1244.451281916285,3.9,6.7,4.6,1097.9091563525317,1140.2409715019685,1148.4721577810255,1171.9898328640456
GFDL-ESM4_r1i1p1f1_ssp370,GFDL-ESM4,r1i1p1f1,ssp370,-0.19942304163430702,1473.8037921833672,-0.7,-1.2,-0.8,1076.5530932478277,1069.3738637489926,1067.9779024575525,1063.9894416248662
GFDL-ESM4_r1i1p1f1_ssp585,GFDL-ESM4,r1i1p1f1,ssp585,0.2806784040521003,535.7640249548659,0.9,1.6,1.1,1094.8754058266497,1104.9798283725254,1106.94457720089,1112.558145281932
HadGEM3-GC31-LL_r1i1p1f3_ssp245,HadGEM3-GC31-LL,r1i1p1f3,ssp245,-1.1676482557848453,3534.905053140451,-3.5,-6.1,-4.2,1208.9497276170391,1166.9143904087846,1158.7408526182908,1135.387887502594
HadGEM3-GC31-LL_r1i1p1f3_ssp585,HadGEM3-GC31-LL,r1i1p1f3,ssp585,0.9832981793677101,-784.0008887983336,3.0,5.3,3.6,1174.729084502145,1210.1278189593827,1217.0109062149565,1236.6768698023109
HadGEM3-GC31-LL_r2i1p1f3_ssp585,HadGEM3-GC31-LL,r2i1p1f3,ssp585,4.103749231564681,-7118.40296441678,14.0,24.5,16.7,1056.2655048600636,1204.0004771963922,1232.7267218173456,1314.8017064486394
HadGEM3-GC31-LL_r3i1p1f3_ssp585,HadGEM3-GC31-LL,r3i1p1f3,ssp585,3.978584615618461,-6914.465717967727,14.2,24.8,16.9,1010.8748363442473,1154.1038825065125,1181.9539748158413,1261.5256671282104
INM-CM5-0_r1i1p1f1_ssp245,INM-CM5-0,r1i1p1f1,ssp245,-0.8431414048541068,2828.690629277698,-2.6,-4.6,-3.2,1149.1529508083172,1118.7998602335695,1112.8978703995906,1096.0350423025084
INM-CM5-0_r1i1p1f1_ssp370,INM-CM5-0,r1i1p1f1,ssp370,-2.3733333324093313,5875.863695644582,-7.4,-13.0,-8.9,1148.183697485194,1062.7436975184573,1046.130364191592,998.6636975434058
INM-CM5-0_r2i1p1f1_ssp370,INM-CM5-0,r2i1p1f1,ssp370,0.45352457646826033,217.6492396330284,1.5,2.5,1.7,1121.070195957803,1137.3970807106602,1140.5717527459383,1149.6422442753033
INM-CM5-0_r3i1p1f1_ssp370,INM-CM5-0,r3i1p1f1,ssp370,0.13375521064876655,791.6259388814403,0.5,0.8,0.5,1058.0663184937832,1062.881506077139,1063.8177925516802,1066.4928967646556
INM-CM5-0_r4i1p1f1_ssp370,INM-CM5-0,r4i1p1f1,ssp370,-1.0400807720911671,3193.9287043870954,-3.3,-5.8,-4.0,1122.0878063814907,1084.6448985862085,1077.3643331815701,1056.5627177397469
INM-CM5-0_r5i1p1f1_ssp370,INM-CM5-0,r5i1p1f1,ssp370,0.7917996087272743,-515.6623999398175,2.7,4.7,3.2,1061.6024206449129,1090.1072065590947,1095.6498038201855,1111.4857959947312
INM-CM5-0_r1i1p1f1_ssp585,INM-CM5-0,r1i1p1f1,ssp585,-0.9805787132183674,3117.9953946241694,-3.0,-5.3,-3.6,1164.6825978931815,1129.3817642173203,1122.5177132247918,1102.9061389604244
IPSL-CM6A-LR_r1i1p1f1_ssp245,IPSL-CM6A-LR,r1i1p1f1,ssp245,0.32110314774142057,483.5060271941037,1.0,1.8,1.2,1123.1434974950134,1134.7032108137046,1136.9509328478946,1143.372995802723
IPSL-CM6A-LR_r2i1p1f1_ssp245,IPSL-CM6A-LR,r2i1p1f1,ssp245,-1.4004934134079967,3951.661255019497,-4.3,-7.6,-5.2,1161.8783755107675,1111.4606126280796,1101.6571587342237,1073.6472904660636
IPSL-CM6A-LR_r3i1p1f1_ssp245,IPSL-CM6A-LR,r3i1p1f1,ssp245,1.1859828558905385,-1318.8227316252026,4.1,7.2,4.9,1043.6551173087503,1086.3505001208098,1094.6523801120431,1118.3720372298542
IPSL-CM6A-LR_r4i1p1f1_ssp245,IPSL-CM6A-LR,r4i1p1f1,ssp245,-0.47607768004271184,2025.548178292134,-1.6,-2.8,-1.9,1077.2014396470522,1060.0626431655144,1056.7300994052155,1047.2085458043612
IPSL-CM6A-LR_r5i1p1f1_ssp245,IPSL-CM6A-LR,r5i1p1f1,ssp245,0.025966075022809627,1055.3806732306707,0.1,0.1,0.1,1107.1050946761075,1108.0398733769287,1108.2216359020883,1108.7409574025446
IPSL-CM6A-LR_r10i1p1f1_ssp370,IPSL-CM6A-LR,r10i1p1f1,ssp370,0.5448727209136763,-1.4489115830851915,1.8,3.2,2.2,1083.937548476958,1103.5529664298504,1107.367075476246,1118.2645298945197
IPSL-CM6A-LR_r1i1p1f1_ssp370,IPSL-CM6A-LR,r1i1p1f1,ssp370,0.20816114571117958,714.2079894957277,0.7,1.2,0.8,1128.8649917523974,1136.358792998,1137.815921017978,1141.9791439322016
IPSL-CM6A-LR_r2i1p1f1_ssp370,IPSL-CM6A-LR,r2i1p1f1,ssp370,-0.3508155109787924,1852.3218091789415,-1.1,-1.9,-1.3,1153.4973113091871,1140.8679529139506,1138.412244337099,1131.3959341175232
IPSL-CM6A-LR_r3i1p1f1_ssp370,IPSL-CM6A-LR,r3i1p1f1,ssp370,0.6946768155570333,-285.22366612246356,2.3,4.0,2.7,1098.5725504671468,1123.5809158272,1128.4436535360992,1142.3371898472399
IPSL-CM6A-LR_r4i1p1f1_ssp370,IPSL-CM6A-LR,r4i1p1f1,ssp370,-0.2994714824107332,1744.980401514356,-0.9,-1.6,-1.1,1148.4332085521755,1137.6522351853891,1135.555934808514,1129.5665051602991
IPSL-CM6A-LR_r5i1p1f1_ssp370,IPSL-CM6A-LR,r5i1p1f1,ssp370,0.8865155639554072,-687.7484099946098,3.0,5.2,3.5,1078.1905934045612,1110.1051537069561,1116.310762654644,1134.041073933752
IPSL-CM6A-LR_r6i1p1f1_ssp370,IPSL-CM6A-LR,r6i1p1f1,ssp370,0.9740857242619605,-886.1433921595765,3.3,5.8,4.0,1054.2353705702487,1089.3024566436793,1096.121056713513,1115.6027711987524
IPSL-CM6A-LR_r7i1p1f1_ssp370,IPSL-CM6A-LR,r7i1p1f1,ssp370,-0.8043557558370062,2703.3651964824985,-2.6,-4.6,-3.1,1101.0885308551822,1072.1317236450498,1066.5012333541908,1050.4141182374506
IPSL-CM6A-LR_r8i1p1f1_ssp370,IPSL-CM6A-LR,r8i1p1f1,ssp370,0.13546737318103247,850.8206067053286,0.4,0.8,0.5,1120.6716140819453,1125.5484395164624,1126.4967111287297,1129.2060585923502
IPSL-CM6A-LR_r9i1p1f1_ssp370,IPSL-CM6A-LR,r9i1p1f1,ssp370,-0.8681732286657966,2846.3147830709477,-2.8,-4.9,-3.3,1116.9137115686808,1085.6594753367121,1079.5822627360517,1062.2187981627355
IPSL-CM6A-LR_r1i1p1f1_ssp585,IPSL-CM6A-LR,r1i1p1f1,ssp585,-2.379232294437404,5890.914236490176,-7.4,-13.0,-8.9,1151.4835059708676,1065.8311433711215,1049.1765173100594,1001.5918714213112
IPSL-CM6A-LR_r2i1p1f1_ssp585,IPSL-CM6A-LR,r2i1p1f1,ssp585,-1.150933587293804,3444.128210115853,-3.6,-6.3,-4.3,1151.4685042265955,1110.0348950840184,1101.9783599729622,1078.9596882270857
IPSL-CM6A-LR_r3i1p1f1_ssp585,IPSL-CM6A-LR,r3i1p1f1,ssp585,0.5645442535429078,-44.82747573015058,1.9,3.3,2.2,1079.7446773273218,1100.0682704548665,1104.0200802296667,1115.310965300525
IPSL-CM6A-LR_r4i1p1f1_ssp585,IPSL-CM6A-LR,r4i1p1f1,ssp585,0.5392320868510861,16.537332233625875,1.8,3.1,2.1,1090.6876492409895,1110.1000043676286,1113.8746289755861,1124.6592707126078
KACE-1-0-G_r1i1p1f1_ssp245,KACE-1-0-G,r1i1p1f1,ssp245,0.7259801565176324,-345.08010122253427,2.4,4.2,2.8,1101.0723705605894,1127.2076561952242,1132.2895172908477,1146.8091204212003
KACE-1-0-G_r2i1p1f1_ssp245,KACE-1-0-G,r2i1p1f1,ssp245,-0.8709343465483075,2873.0205496668596,-2.8,-4.8,-3.3,1138.119331342631,1106.765694866892,1100.669154441054,1083.2504675100877
KACE-1-0-G_r3i1p1f1_ssp245,KACE-1-0-G,r3i1p1f1,ssp245,0.7426063473855852,-364.200146423796,2.4,4.2,2.9,1115.0716975682897,1141.8055260741708,1147.0037705058699,1161.8558974535815
KACE-1-0-G_r1i1p1f1_ssp370,KACE-1-0-G,r1i1p1f1,ssp370,-0.28010685382794925,1624.4942415408227,-0.9,-1.7,-1.1,1066.5213887155478,1056.4375419777416,1054.476794000946,1048.874656924387
KACE-1-0-G_r2i1p1f1_ssp370,KACE-1-0-G,r2i1p1f1,ssp370,-1.2123341090026343,3582.41713780026,-3.7,-6.5,-4.5,1167.447592667013,1123.8035647429178,1115.3172259798994,1091.0705437998467
KACE-1-0-G_r3i1p1f1_ssp370,KACE-1-0-G,r3i1p1f1,ssp370,1.8824089849245649,-2714.404380028561,6.5,11.5,7.8,1035.3543179411722,1103.1210413984568,1116.2979042929287,1153.94608399142
KACE-1-0-G_r1i1p1f1_ssp585,KACE-1-0-G,r1i1p1f1,ssp585,1.6150644860504577,-2180.2777527159506,5.6,9.8,6.7,1036.9307034965614,1095.0730249943776,1106.378476396731,1138.6797661177402
KACE-1-0-G_r2i1p1f1_ssp585,KACE-1-0-G,r2i1p1f1,ssp585,-0.7781864663414857,2654.650033956094,-2.5,-4.4,-3.0,1104.5025930038544,1076.4878802155608,1071.0405749511706,1055.4768456243407
KACE-1-0-G_r3i1p1f1_ssp585,KACE-1-0-G,r3i1p1f1,ssp585,0.6482559290544322,-215.4299477489642,2.2,3.8,2.6,1075.8958629274648,1099.2330763734242,1103.7708678768054,1116.735986457894
MIROC6_r1i1p1f1_ssp245,MIROC6,r1i1p1f1,ssp245,-1.973855047020475,5085.460907026474,-6.2,-10.8,-7.4,1153.541653361688,1082.4828716689508,1068.6658863398075,1029.188785399398
MIROC6_r2i1p1f1_ssp245,MIROC6,r2i1p1f1,ssp245,0.04312065161584351,1007.0717118682127,0.1,0.2,0.2,1092.968049886973,1094.5203933451432,1094.8222379064541,1095.684650938771
MIROC6_r3i1p1f1_ssp245,MIROC6,r3i1p1f1,ssp245,-0.6641482902925137,2444.078169833866,-2.1,-3.7,-2.5,1121.0947755711788,1097.1854371206484,1092.5363990886008,1079.2534332827504
MIROC6_r1i1p1f1_ssp370,MIROC6,r1i1p1f1,ssp370,-0.29719364551444205,1659.5562900618615,-1.0,-1.8,-1.2,1067.546548197093,1056.847576958573,1054.767221439972,1048.8233485296832
MIROC6_r2i1p1f1_ssp370,MIROC6,r2i1p1f1,ssp370,-1.537060366699615,4201.270440796816,-4.9,-8.5,-5.8,1139.4461903311826,1084.1120171299967,1073.3525945630995,1042.611387229107
MIROC6_r3i1p1f1_ssp370,MIROC6,r3i1p1f1,ssp370,0.3484098605471462,360.3697991226353,1.2,2.1,1.4,1054.4022413325506,1066.944996312248,1069.3838653360776,1076.3520625470208
MIROC6_r1i1p1f1_ssp585,MIROC6,r1i1p1f1,ssp585,-1.3675994724613574,3820.718815145032,-4.5,-7.9,-5.4,1096.460666002008,1047.2270849933989,1037.6538886861695,1010.3018992369425
MIROC6_r2i1p1f1_ssp585,MIROC6,r2i1p1f1,ssp585,0.775511563733724,-507.42245784193346,2.7,4.7,3.2,1037.3965771156447,1065.3149934100588,1070.7435743561948,1086.2538056308692
MIROC6_r3i1p1f1_ssp585,MIROC6,r3i1p1f1,ssp585,-1.1241912208096063,3396.760408027213,-3.5,-6.1,-4.2,1157.3714961744772,1116.9006122253313,1109.031273679664,1086.5474492634721
MIROC6_r4i1p1f1_ssp585,MIROC6,r4i1p1f1,ssp585,-0.17428435282578755,1415.7062812390284,-0.6,-1.0,-0.7,1068.5318504100596,1062.2576137083313,1061.0376232385506,1057.551936182035
MIROC6_r5i1p1f1_ssp585,MIROC6,r5i1p1f1,ssp585,-2.6443206975778812,6502.711416678992,-7.7,-13.5,-9.2,1235.2245871038522,1140.029041991048,1121.5187971080031,1068.632383156446
MPI-ESM1-2-HR_r1i1p1f1_ssp245,MPI-ESM1-2-HR,r1i1p1f1,ssp245,-0.17636334247864674,1432.549914903068,-0.6,-1.0,-0.7,1081.2341366856035,1074.8850563563724,1073.6505129590219,1070.123246109449
MPI-ESM1-2-HR_r2i1p1f1_ssp245,MPI-ESM1-2-HR,r2i1p1f1,ssp245,-1.2616883086598991,3630.9635846141664,-4.1,-7.1,-4.9,1117.6804737636476,1072.259694651891,1063.4278764912715,1038.1941103180739
MPI-ESM1-2-HR_r10i1p1f1_ssp370,MPI-ESM1-2-HR,r10i1p1f1,ssp370,-0.8618464621605428,2842.6314646666424,-2.8,-4.8,-3.3,1125.833312042841,1094.8068394050615,1088.7739141699378,1071.5369849267267
MPI-ESM1-2-HR_r1i1p1f1_ssp370,MPI-ESM1-2-HR,r1i1p1f1,ssp370,0.06436690221433991,947.8162713787899,0.2,0.4,0.3,1076.035140589755,1078.3523490694713,1078.8029173849716,1080.0902554292584
MPI-ESM1-2-HR_r2i1p1f1_ssp370,MPI-ESM1-2-HR,r2i1p1f1,ssp370,0.06162890182970978,973.6512267716488,0.2,0.4,0.2,1096.4159992164307,1098.6346396823003,1099.0660419951082,1100.2986200317023
MPI-ESM1-2-HR_r3i1p1f1_ssp370,MPI-ESM1-2-HR,r3i1p1f1,ssp370,-1.614000283184147,4375.549384524433,-5.0,-8.8,-6.0,1160.460820421612,1102.3568102269828,1091.0588082446939,1058.778802581011
MPI-ESM1-2-HR_r4i1p1f1_ssp370,MPI-ESM1-2-HR,r4i1p1f1,ssp370,-2.452772316728091,6018.4147335635025,-7.8,-13.6,-9.3,1132.4922786411453,1044.192475238934,1027.0230690218377,977.9676226872762
MPI-ESM1-2-HR_r5i1p1f1_ssp370,MPI-ESM1-2-HR,r5i1p1f1,ssp370,-0.5132909299159499,2120.7483239331186,-1.7,-2.9,-2.0,1098.2727915405462,1079.794318063572,1076.2012815541605,1065.9354629558416
MPI-ESM1-2-HR_r6i1p1f1_ssp370,MPI-ESM1-2-HR,r6i1p1f1,ssp370,0.43761281490723386,203.06452137374094,1.5,2.6,1.8,1074.7892486689507,1090.5433100056111,1093.6065997099618,1102.3588560081066
MPI-ESM1-2-HR_r7i1p1f1_ssp370,MPI-ESM1-2-HR,r7i1p1f1,ssp370,-1.023773985494126,3150.1354611175166,-3.3,-5.8,-4.0,1110.7776820132178,1073.9218185354293,1066.7554006369705,1046.279920927088
MPI-ESM1-2-HR_r8i1p1f1_ssp370,MPI-ESM1-2-HR,r8i1p1f1,ssp370,0.577561187764304,-113.78909763086313,2.0,3.5,2.4,1036.7127883956305,1057.5049911551453,1061.5479194694956,1073.0991432247815
MPI-ESM1-2-HR_r9i1p1f1_ssp370,MPI-ESM1-2-HR,r9i1p1f1,ssp370,0.2368339127607326,616.1552689453201,0.8,1.4,0.9,1087.9284231646993,1096.454444024086,1098.112281413411,1102.8489596686256
MPI-ESM1-2-HR_r1i1p1f1_ssp585,MPI-ESM1-2-HR,r1i1p1f1,ssp585,-1.8347805328483924,4783.797336711669,-5.9,-10.2,-7.0,1128.9145152776714,1062.8624160951294,1050.0189523651907,1013.3233417082229
MPI-ESM1-2-HR_r2i1p1f1_ssp585,MPI-ESM1-2-HR,r2i1p1f1,ssp585,-1.212750772262861,3499.5358912064976,-4.0,-7.0,-4.8,1083.7363528588785,1040.0773250574157,1031.5880696515756,1007.3330542063181
MRI-ESM2-0_r1i1p1f1_ssp245,MRI-ESM2-0,r1i1p1f1,ssp245,0.11598099561527042,816.0784565581963,0.4,0.7,0.5,1047.112599823815,1051.2879156659646,1052.0997826352716,1054.419402547577
MRI-ESM2-0_r1i1p1f1_ssp370,MRI-ESM2-0,r1i1p1f1,ssp370,1.3947178588408784,-1699.1214138707746,4.7,8.1,5.6,1079.156560940255,1129.3664038585266,1139.129428870413,1167.0237860472303
MRI-ESM2-0_r2i1p1f1_ssp370,MRI-ESM2-0,r2i1p1f1,ssp370,0.6849044080100984,-245.34714184338986,2.2,3.9,2.6,1118.9824389127261,1143.6389976010898,1148.4333284571605,1162.1314166173624
MRI-ESM2-0_r3i1p1f1_ssp370,MRI-ESM2-0,r3i1p1f1,ssp370,2.519739658255139,-3995.1155803678594,8.9,15.5,10.6,1024.2058188763767,1114.916446573562,1132.5546241813481,1182.949417346451
MRI-ESM2-0_r4i1p1f1_ssp370,MRI-ESM2-0,r4i1p1f1,ssp370,0.23364347295640706,685.3122527715719,0.7,1.3,0.9,1150.7300509007348,1159.1412159271654,1160.7767202378602,1165.4495896969884
MRI-ESM2-0_r5i1p1f1_ssp370,MRI-ESM2-0,r5i1p1f1,ssp370,-0.9089047798493216,2906.869388467565,-3.0,-5.2,-3.6,1096.3310670077162,1063.6104949331407,1057.2481614741955,1039.0700658772091
MRI-ESM2-0_r1i1p1f1_ssp585,MRI-ESM2-0,r1i1p1f1,ssp585,0.6671666260070248,-286.22509328245724,2.3,4.0,2.8,1042.7708257235363,1066.7888242597892,1071.4589906418382,1084.8023231619788
