period,mvs,window,n_windows,min_window_avg_pr
historical,ACCESS-CM2_r1i1p1f1_ssp245,2,64,700.9289328318409
historical,ACCESS-CM2_r1i1p1f1_ssp245,5,61,847.2862241570198
historical,ACCESS-CM2_r1i1p1f1_ssp245,10,56,964.9086090305907
historical,ACCESS-CM2_r1i1p1f1_ssp245,15,51,1013.6516730442503
historical,ACCESS-CM2_r1i1p1f1_ssp245,20,46,1050.2863906695159
historical,ACCESS-CM2_r2i1p1f1_ssp245,2,64,787.0953257178307
historical,ACCESS-CM2_r2i1p1f1_ssp245,5,61,935.4872566959478
historical,ACCESS-CM2_r2i1p1f1_ssp245,10,56,1002.5528874021591
historical,ACCESS-CM2_r2i1p1f1_ssp245,15,51,1050.8509321416782
historical,ACCESS-CM2_r2i1p1f1_ssp245,20,46,1058.1876012756798
historical,ACCESS-CM2_r3i1p1f1_ssp245,2,64,645.3997448083701
historical,ACCESS-CM2_r3i1p1f1_ssp245,5,61,943.5225871402703
historical,ACCESS-CM2_r3i1p1f1_ssp245,10,56,1047.914458523402
historical,ACCESS-CM2_r3i1p1f1_ssp245,15,51,1085.2951867532238
historical,ACCESS-CM2_r3i1p1f1_ssp245,20,46,1102.117074607483
historical,CESM2-LENS_r10i1p1f1_ssp370,2,64,663.2004599166576
historical,CESM2-LENS_r10i1p1f1_ssp370,5,61,957.418161728188
historical,CESM2-LENS_r10i1p1f1_ssp370,10,56,1008.7534622143121
historical,CESM2-LENS_r10i1p1f1_ssp370,15,51,1034.708697223976
historical,CESM2-LENS_r10i1p1f1_ssp370,20,46,1060.7064098398735
historical,CESM2-LENS_r1i1p1f1_ssp370,2,64,526.854652290438
historical,CESM2-LENS_r1i1p1f1_ssp370,5,61,860.5878050783889
historical,CESM2-LENS_r1i1p1f1_ssp370,10,56,931.9094310410549
historical,CESM2-LENS_r1i1p1f1_ssp370,15,51,963.6471541141137
historical,CESM2-LENS_r1i1p1f1_ssp370,20,46,1058.90921467614
historical,CESM2-LENS_r2i1p1f1_ssp370,2,64,582.853193467341
historical,CESM2-LENS_r2i1p1f1_ssp370,5,61,705.2119915850068
historical,CESM2-LENS_r2i1p1f1_ssp370,10,56,822.8275456244832
historical,CESM2-LENS_r2i1p1f1_ssp370,15,51,961.9196276451102
historical,CESM2-LENS_r2i1p1f1_ssp370,20,46,1024.1481896180023
historical,CESM2-LENS_r3i1p1f1_ssp370,2,64,776.2607488981994
historical,CESM2-LENS_r3i1p1f1_ssp370,5,61,890.2811331119403
historical,CESM2-LENS_r3i1p1f1_ssp370,10,56,964.5859041178097
historical,CESM2-LENS_r3i1p1f1_ssp370,15,51,983.9356951182989
historical,CESM2-LENS_r3i1p1f1_ssp370,20,46,1003.4864934826383
historical,CESM2-LENS_r4i1p1f1_ssp370,2,64,598.3617948272513
historical,CESM2-LENS_r4i1p1f1_ssp370,5,61,753.9466797732108
historical,CESM2-LENS_r4i1p1f1_ssp370,10,56,879.9116619960238
historical,CESM2-LENS_r4i1p1f1_ssp370,15,51,931.8839852505621
historical,CESM2-LENS_r4i1p1f1_ssp370,20,46,1005.4138634172805
historical,CESM2-LENS_r5i1p1f1_ssp370,2,64,596.7481195406654
historical,CESM2-LENS_r5i1p1f1_ssp370,5,61,785.088601216914
historical,CESM2-LENS_r5i1p1f1_ssp370,10,56,927.310563930824
historical,CESM2-LENS_r5i1p1f1_ssp370,15,51,997.2041598322661
historical,CESM2-LENS_r5i1p1f1_ssp370,20,46,1033.7223613362723
historical,CESM2-LENS_r6i1p1f1_ssp370,2,64,554.6767678232263
historical,CESM2-LENS_r6i1p1f1_ssp370,5,61,814.628854291678
historical,CESM2-LENS_r6i1p1f1_ssp370,10,56,944.3039284151048
historical,CESM2-LENS_r6i1p1f1_ssp370,15,51,1030.6820427050611
historical,CESM2-LENS_r6i1p1f1_ssp370,20,46,1045.1019465401814
historical,CESM2-LENS_r7i1p1f1_ssp370,2,64,689.4963996929237
historical,CESM2-LENS_r7i1p1f1_ssp370,5,61,864.2246298412422
historical,CESM2-LENS_r7i1p1f1_ssp370,10,56,1034.2856583012667
historical,CESM2-LENS_r7i1p1f1_ssp370,15,51,1065.2808645548746
historical,CESM2-LENS_r7i1p1f1_ssp370,20,46,1047.4255485548995
historical,CESM2-LENS_r8i1p1f1_ssp370,2,64,612.9401187593567
historical,CESM2-LENS_r8i1p1f1_ssp370,5,61,826.2660241684468
historical,CESM2-LENS_r8i1p1f1_ssp370,10,56,935.6450241963648
historical,CESM2-LENS_r8i1p1f1_ssp370,15,51,1017.8089194624098
historical,CESM2-LENS_r8i1p1f1_ssp370,20,46,1075.2461492399075
historical,CESM2-LENS_r9i1p1f1_ssp370,2,64,672.4489772570159
historical,CESM2-LENS_r9i1p1f1_ssp370,5,61,882.502725338946
historical,CESM2-LENS_r9i1p1f1_ssp370,10,56,985.2248587098708
historical,CESM2-LENS_r9i1p1f1_ssp370,15,51,1088.9092730443847
historical,CESM2-LENS_r9i1p1f1_ssp370,20,46,1100.8470384137213
historical,CNRM-ESM2-1_r1i1p1f2_ssp245,2,64,676.9758471877503
historical,CNRM-ESM2-1_r1i1p1f2_ssp245,5,61,961.6029636999286
historical,CNRM-ESM2-1_r1i1p1f2_ssp245,10,56,1005.0366024687333
historical,CNRM-ESM2-1_r1i1p1f2_ssp245,15,51,1024.8818888010646
historical,CNRM-ESM2-1_r1i1p1f2_ssp245,20,46,1061.995920835916
historical,EC-Earth3-Veg_r1i1p1f1_ssp245,2,64,693.9829600996054
historical,EC-Earth3-Veg_r1i1p1f1_ssp245,5,61,796.0681235807657
historical,EC-Earth3-Veg_r1i1p1f1_ssp245,10,56,935.3644554650839
historical,EC-Earth3-Veg_r1i1p1f1_ssp245,15,51,1000.6159251564319
historical,EC-Earth3-Veg_r1i1p1f1_ssp245,20,46,1007.1437727872617
historical,EC-Earth3-Veg_r2i1p1f1_ssp245,2,64,778.2532896605053
historical,EC-Earth3-Veg_r2i1p1f1_ssp245,5,61,881.5725107114224
historical,EC-Earth3-Veg_r2i1p1f1_ssp245,10,56,978.034045518875
historical,EC-Earth3-Veg_r2i1p1f1_ssp245,15,51,1043.5826907497112
historical,EC-Earth3-Veg_r2i1p1f1_ssp245,20,46,1079.8468564159798
historical,EC-Earth3-Veg_r3i1p1f1_ssp245,2,64,711.1275026188378
historical,EC-Earth3-Veg_r3i1p1f1_ssp245,5,61,930.2252098719189
historical,EC-Earth3-Veg_r3i1p1f1_ssp245,10,56,1052.565266537141
historical,EC-Earth3-Veg_r3i1p1f1_ssp245,15,51,1088.7515604178293
historical,EC-Earth3-Veg_r3i1p1f1_ssp245,20,46,1102.6376139683916
historical,EC-Earth3-Veg_r4i1p1f1_ssp245,2,64,654.0157754333413
historical,EC-Earth3-Veg_r4i1p1f1_ssp245,5,61,897.5326505264632
historical,EC-Earth3-Veg_r4i1p1f1_ssp245,10,56,962.8774592563495
historical,EC-Earth3-Veg_r4i1p1f1_ssp245,15,51,1114.5963373689717
historical,EC-Earth3-Veg_r4i1p1f1_ssp245,20,46,1127.9789174401437
historical,EC-Earth3-Veg_r5i1p1f1_ssp245,2,64,658.7294068766241
historical,EC-Earth3-Veg_r5i1p1f1_ssp245,5,61,759.379770799345
historical,EC-Earth3-Veg_r5i1p1f1_ssp245,10,56,949.6233567053372
historical,EC-Earth3-Veg_r5i1p1f1_ssp245,15,51,1021.223275730218
historical,EC-Earth3-Veg_r5i1p1f1_ssp245,20,46,1078.184322804345
historical,EC-Earth3_r1i1p1f1_ssp245,2,64,610.4952763240908
historical,EC-Earth3_r1i1p1f1_ssp245,5,61,929.0692923199233
historical,EC-Earth3_r1i1p1f1_ssp245,10,56,1041.8076194145501
historical,EC-Earth3_r1i1p1f1_ssp245,15,51,1107.9226636213943
historical,EC-Earth3_r1i1p1f1_ssp245,20,46,1097.8755990148366
historical,EC-Earth3_r2i1p1f1_ssp245,2,64,682.3836544751284
historical,EC-Earth3_r2i1p1f1_ssp245,5,61,772.6496928599124
historical,EC-Earth3_r2i1p1f1_ssp245,10,56,999.8501092918563
historical,EC-Earth3_r2i1p1f1_ssp245,15,51,1034.7592914786483
historical,EC-Earth3_r2i1p1f1_ssp245,20,46,1095.6965403173529
historical,EC-Earth3_r3i1p1f1_ssp585,2,64,684.4216517144087
historical,EC-Earth3_r3i1p1f1_ssp585,5,61,874.3289465100054
historical,EC-Earth3_r3i1p1f1_ssp585,10,56,985.5587801077702
historical,EC-Earth3_r3i1p1f1_ssp585,15,51,1020.2921242181061
historical,EC-Earth3_r3i1p1f1_ssp585,20,46,1046.3324509777835
historical,EC-Earth3_r4i1p1f1_ssp245,2,64,611.0961636678148
historical,EC-Earth3_r4i1p1f1_ssp245,5,61,750.1133190022731
historical,EC-Earth3_r4i1p1f1_ssp245,10,56,926.6534051780975
historical,EC-Earth3_r4i1p1f1_ssp245,15,51,947.8494230015298
historical,EC-Earth3_r4i1p1f1_ssp245,20,46,1007.847007271261
historical,FGOALS-g3_r1i1p1f1_ssp245,2,64,732.8200362312873
historical,FGOALS-g3_r1i1p1f1_ssp245,5,61,906.8845871977871
historical,FGOALS-g3_r1i1p1f1_ssp245,10,56,965.7114098362283
historical,FGOALS-g3_r1i1p1f1_ssp245,15,51,1023.4916402475593
historical,FGOALS-g3_r1i1p1f1_ssp245,20,46,1068.1724164306347
historical,FGOALS-g3_r3i1p1f1_ssp245,2,64,648.9121049701846
historical,FGOALS-g3_r3i1p1f1_ssp245,5,61,898.5664411591715
historical,FGOALS-g3_r3i1p1f1_ssp245,10,56,1096.6346728944334
historical,FGOALS-g3_r3i1p1f1_ssp245,15,51,1136.5924948516608
historical,FGOALS-g3_r3i1p1f1_ssp245,20,46,1129.6502958743545
historical,FGOALS-g3_r4i1p1f1_ssp245,2,64,557.539614598878
historical,FGOALS-g3_r4i1p1f1_ssp245,5,61,877.5818695383081
historical,FGOALS-g3_r4i1p1f1_ssp245,10,56,993.1848931372591
historical,FGOALS-g3_r4i1p1f1_ssp245,15,51,1061.5577787390962
historical,FGOALS-g3_r4i1p1f1_ssp245,20,46,1074.396857559061
historical,FGOALS-g3_r5i1p1f1_ssp370,2,64,744.3167485030394
historical,FGOALS-g3_r5i1p1f1_ssp370,5,61,872.1072595981052
historical,FGOALS-g3_r5i1p1f1_ssp370,10,56,940.5761322574996
historical,FGOALS-g3_r5i1p1f1_ssp370,15,51,1006.7534679600018
historical,FGOALS-g3_r5i1p1f1_ssp370,20,46,1010.5794530066516
historical,GFDL-ESM4_r1i1p1f1_ssp245,2,64,779.410880936337
historical,GFDL-ESM4_r1i1p1f1_ssp245,5,61,941.183592058998
historical,GFDL-ESM4_r1i1p1f1_ssp245,10,56,1034.9246506928553
historical,GFDL-ESM4_r1i1p1f1_ssp245,15,51,1081.3492120314754
historical,GFDL-ESM4_r1i1p1f1_ssp245,20,46,1070.4813067696073
historical,HadGEM3-GC31-LL_r1i1p1f3_ssp245,2,64,672.3172389605006
historical,HadGEM3-GC31-LL_r1i1p1f3_ssp245,5,61,736.2712968928496
historical,HadGEM3-GC31-LL_r1i1p1f3_ssp245,10,56,946.8973327122688
historical,HadGEM3-GC31-LL_r1i1p1f3_ssp245,15,51,998.7555956892262
historical,HadGEM3-GC31-LL_r1i1p1f3_ssp245,20,46,1034.8354047809787
historical,HadGEM3-GC31-LL_r2i1p1f3_ssp585,2,64,702.2200593924754
historical,HadGEM3-GC31-LL_r2i1p1f3_ssp585,5,61,796.0902598036497
historical,HadGEM3-GC31-LL_r2i1p1f3_ssp585,10,56,934.8287695824736
historical,HadGEM3-GC31-LL_r2i1p1f3_ssp585,15,51,1023.2587373631541
historical,HadGEM3-GC31-LL_r2i1p1f3_ssp585,20,46,1079.7103736225292
historical,HadGEM3-GC31-LL_r3i1p1f3_ssp585,2,64,532.2362182305005
historical,HadGEM3-GC31-LL_r3i1p1f3_ssp585,5,61,857.2394339392092
historical,HadGEM3-GC31-LL_r3i1p1f3_ssp585,10,56,952.4997706468472
historical,HadGEM3-GC31-LL_r3i1p1f3_ssp585,15,51,1038.839824689628
historical,HadGEM3-GC31-LL_r3i1p1f3_ssp585,20,46,1038.6292017007545
historical,INM-CM5-0_r1i1p1f1_ssp245,2,64,908.682446020397
historical,INM-CM5-0_r1i1p1f1_ssp245,5,61,991.858345077504
historical,INM-CM5-0_r1i1p1f1_ssp245,10,56,1056.6734245557473
historical,INM-CM5-0_r1i1p1f1_ssp245,15,51,1089.7982319760658
historical,INM-CM5-0_r1i1p1f1_ssp245,20,46,1091.7574558602114
historical,INM-CM5-0_r2i1p1f1_ssp370,2,64,710.0010105115216
historical,INM-CM5-0_r2i1p1f1_ssp370,5,61,937.8284308268703
historical,INM-CM5-0_r2i1p1f1_ssp370,10,56,967.8336743922839
historical,INM-CM5-0_r2i1p1f1_ssp370,15,51,1021.9418941771112
historical,INM-CM5-0_r2i1p1f1_ssp370,20,46,1034.6049295543482
historical,INM-CM5-0_r3i1p1f1_ssp370,2,64,700.0106579231774
historical,INM-CM5-0_r3i1p1f1_ssp370,5,61,814.2405573589729
historical,INM-CM5-0_r3i1p1f1_ssp370,10,56,977.3672091345776
historical,INM-CM5-0_r3i1p1f1_ssp370,15,51,1008.3932165684389
historical,INM-CM5-0_r3i1p1f1_ssp370,20,46,1036.8556941199336
historical,INM-CM5-0_r4i1p1f1_ssp370,2,64,692.5624411015584
historical,INM-CM5-0_r4i1p1f1_ssp370,5,61,812.7776444143528
historical,INM-CM5-0_r4i1p1f1_ssp370,10,56,981.8575272509355
historical,INM-CM5-0_r4i1p1f1_ssp370,15,51,1008.2956967434804
historical,INM-CM5-0_r4i1p1f1_ssp370,20,46,1036.1468113410624
historical,INM-CM5-0_r5i1p1f1_ssp370,2,64,573.6363327065592
historical,INM-CM5-0_r5i1p1f1_ssp370,5,61,967.7319914652005
historical,INM-CM5-0_r5i1p1f1_ssp370,10,56,1009.5285313024106
historical,INM-CM5-0_r5i1p1f1_ssp370,15,51,1058.0569009183573
historical,INM-CM5-0_r5i1p1f1_ssp370,20,46,1066.5000122618285
historical,IPSL-CM6A-LR_r10i1p1f1_ssp370,2,64,706.3499217576718
historical,IPSL-CM6A-LR_r10i1p1f1_ssp370,5,61,851.6488026530672
historical,IPSL-CM6A-LR_r10i1p1f1_ssp370,10,56,986.0523678775178
historical,IPSL-CM6A-LR_r10i1p1f1_ssp370,15,51,1022.9970173244204
historical,IPSL-CM6A-LR_r10i1p1f1_ssp370,20,46,1051.4801422605703
historical,IPSL-CM6A-LR_r1i1p1f1_ssp245,2,64,699.272994485149
historical,IPSL-CM6A-LR_r1i1p1f1_ssp245,5,61,911.3780395716407
historical,IPSL-CM6A-LR_r1i1p1f1_ssp245,10,56,1009.2025118100643
historical,IPSL-CM6A-LR_r1i1p1f1_ssp245,15,51,1085.780860645624
historical,IPSL-CM6A-LR_r1i1p1f1_ssp245,20,46,1104.9887953814982
historical,IPSL-CM6A-LR_r2i1p1f1_ssp245,2,64,720.4950328395826
historical,IPSL-CM6A-LR_r2i1p1f1_ssp245,5,61,974.6733752768487
historical,IPSL-CM6A-LR_r2i1p1f1_ssp245,10,56,1118.403901234667
historical,IPSL-CM6A-LR_r2i1p1f1_ssp245,15,51,1132.6966826644502
historical,IPSL-CM6A-LR_r2i1p1f1_ssp245,20,46,1188.561075172714
historical,IPSL-CM6A-LR_r3i1p1f1_ssp245,2,64,516.3790946492445
historical,IPSL-CM6A-LR_r3i1p1f1_ssp245,5,61,882.3061492937777
historical,IPSL-CM6A-LR_r3i1p1f1_ssp245,10,56,956.8903201311638
historical,IPSL-CM6A-LR_r3i1p1f1_ssp245,15,51,1008.8467153557691
historical,IPSL-CM6A-LR_r3i1p1f1_ssp245,20,46,1009.1173428528862
historical,IPSL-CM6A-LR_r4i1p1f1_ssp245,2,64,751.7517018176084
historical,IPSL-CM6A-LR_r4i1p1f1_ssp245,5,61,801.1165354386306
historical,IPSL-CM6A-LR_r4i1p1f1_ssp245,10,56,944.1823338121387
historical,IPSL-CM6A-LR_r4i1p1f1_ssp245,15,51,974.6785993853625
historical,IPSL-CM6A-LR_r4i1p1f1_ssp245,20,46,984.2168819430022
historical,IPSL-CM6A-LR_r5i1p1f1_ssp245,2,64,641.7951959442835
historical,IPSL-CM6A-LR_r5i1p1f1_ssp245,5,61,804.3951255527743
historical,IPSL-CM6A-LR_r5i1p1f1_ssp245,10,56,876.889941183685
historical,IPSL-CM6A-LR_r5i1p1f1_ssp245,15,51,950.938876569988
historical,IPSL-CM6A-LR_r5i1p1f1_ssp245,20,46,1019.7564608787922
historical,IPSL-CM6A-LR_r6i1p1f1_ssp370,2,64,635.1586154196202
historical,IPSL-CM6A-LR_r6i1p1f1_ssp370,5,61,739.2916204421912
historical,IPSL-CM6A-LR_r6i1p1f1_ssp370,10,56,905.7328440464414
historical,IPSL-CM6A-LR_r6i1p1f1_ssp370,15,51,1011.1732022803039
historical,IPSL-CM6A-LR_r6i1p1f1_ssp370,20,46,1053.5048505662749
historical,IPSL-CM6A-LR_r7i1p1f1_ssp370,2,64,631.2668410370861
historical,IPSL-CM6A-LR_r7i1p1f1_ssp370,5,61,850.9380802907253
historical,IPSL-CM6A-LR_r7i1p1f1_ssp370,10,56,1039.5929644177536
historical,IPSL-CM6A-LR_r7i1p1f1_ssp370,15,51,1134.644966786304
historical,IPSL-CM6A-LR_r7i1p1f1_ssp370,20,46,1172.6001495998903
historical,IPSL-CM6A-LR_r8i1p1f1_ssp370,2,64,699.3952434710263
historical,IPSL-CM6A-LR_r8i1p1f1_ssp370,5,61,953.6669548212055
historical,IPSL-CM6A-LR_r8i1p1f1_ssp370,10,56,1056.476187416319
historical,IPSL-CM6A-LR_r8i1p1f1_ssp370,15,51,1121.075918721398
historical,IPSL-CM6A-LR_r8i1p1f1_ssp370,20,46,1126.790553405296
historical,IPSL-CM6A-LR_r9i1p1f1_ssp370,2,64,691.5990227873508
historical,IPSL-CM6A-LR_r9i1p1f1_ssp370,5,61,783.0813919033317
historical,IPSL-CM6A-LR_r9i1p1f1_ssp370,10,56,1009.4974552494283
historical,IPSL-CM6A-LR_r9i1p1f1_ssp370,15,51,1028.5880159894703
historical,IPSL-CM6A-LR_r9i1p1f1_ssp370,20,46,1077.3905493612324
historical,KACE-1-0-G_r1i1p1f1_ssp245,2,64,591.5445715309943
historical,KACE-1-0-G_r1i1p1f1_ssp245,5,61,828.7244125970276
historical,KACE-1-0-G_r1i1p1f1_ssp245,10,56,1026.75480958014
historical,KACE-1-0-G_r1i1p1f1_ssp245,15,51,1023.5258752415436
historical,KACE-1-0-G_r1i1p1f1_ssp245,20,46,1143.7964891981333
historical,KACE-1-0-G_r2i1p1f1_ssp245,2,64,707.6514354996198
historical,KACE-1-0-G_r2i1p1f1_ssp245,5,61,898.2979873692951
historical,KACE-1-0-G_r2i1p1f1_ssp245,10,56,965.0006742836595
historical,KACE-1-0-G_r2i1p1f1_ssp245,15,51,995.5883109178156
historical,KACE-1-0-G_r2i1p1f1_ssp245,20,46,1044.7834215749954
historical,KACE-1-0-G_r3i1p1f1_ssp245,2,64,470.09754129602516
historical,KACE-1-0-G_r3i1p1f1_ssp245,5,61,748.0976786478772
historical,KACE-1-0-G_r3i1p1f1_ssp245,10,56,913.246625817271
historical,KACE-1-0-G_r3i1p1f1_ssp245,15,51,1001.1352403500401
historical,KACE-1-0-G_r3i1p1f1_ssp245,20,46,1028.2593850662597
historical,MIROC6_r4i1p1f1_ssp585,2,64,649.4081079233183
historical,MIROC6_r4i1p1f1_ssp585,5,61,865.5547714356347
historical,MIROC6_r4i1p1f1_ssp585,10,56,974.3640597325372
historical,MIROC6_r4i1p1f1_ssp585,15,51,1003.8653063083922
historical,MIROC6_r4i1p1f1_ssp585,20,46,1017.5879829492176
historical,MIROC6_r5i1p1f1_ssp585,2,64,596.7848071914668
historical,MIROC6_r5i1p1f1_ssp585,5,61,887.8380774500023
historical,MIROC6_r5i1p1f1_ssp585,10,56,1050.7729694434072
historical,MIROC6_r5i1p1f1_ssp585,15,51,1117.5564501621704
historical,MIROC6_r5i1p1f1_ssp585,20,46,1161.2780832732174
historical,MPI-ESM1-2-HR_r10i1p1f1_ssp370,2,64,648.5142885910682
historical,MPI-ESM1-2-HR_r10i1p1f1_ssp370,5,61,780.6578727034488
historical,MPI-ESM1-2-HR_r10i1p1f1_ssp370,10,56,890.2535371036596
historical,MPI-ESM1-2-HR_r10i1p1f1_ssp370,15,51,951.18398086805
historical,MPI-ESM1-2-HR_r10i1p1f1_ssp370,20,46,983.379145756007
historical,MPI-ESM1-2-HR_r3i1p1f1_ssp370,2,64,734.960328871035
historical,MPI-ESM1-2-HR_r3i1p1f1_ssp370,5,61,872.4618892451756
historical,MPI-ESM1-2-HR_r3i1p1f1_ssp370,10,56,1007.8812995004115
historical,MPI-ESM1-2-HR_r3i1p1f1_ssp370,15,51,1031.973102698565
historical,MPI-ESM1-2-HR_r3i1p1f1_ssp370,20,46,1076.9832584977946
historical,MPI-ESM1-2-HR_r4i1p1f1_ssp370,2,64,583.9928853169099
historical,MPI-ESM1-2-HR_r4i1p1f1_ssp370,5,61,766.8613496098033
historical,MPI-ESM1-2-HR_r4i1p1f1_ssp370,10,56,913.7653022692215
historical,MPI-ESM1-2-HR_r4i1p1f1_ssp370,15,51,970.3327492410324
historical,MPI-ESM1-2-HR_r4i1p1f1_ssp370,20,46,1022.7878853113567
historical,MPI-ESM1-2-HR_r5i1p1f1_ssp370,2,64,723.1516586558755
historical,MPI-ESM1-2-HR_r5i1p1f1_ssp370,5,61,947.0104376927993
historical,MPI-ESM1-2-HR_r5i1p1f1_ssp370,10,56,1037.9615069881947
historical,MPI-ESM1-2-HR_r5i1p1f1_ssp370,15,51,1037.9764250723094
historical,MPI-ESM1-2-HR_r5i1p1f1_ssp370,20,46,1072.8314107555036
historical,MPI-ESM1-2-HR_r6i1p1f1_ssp370,2,64,822.6236021962832
historical,MPI-ESM1-2-HR_r6i1p1f1_ssp370,5,61,1017.8405793855621
historical,MPI-ESM1-2-HR_r6i1p1f1_ssp370,10,56,1090.9679202795107
historical,MPI-ESM1-2-HR_r6i1p1f1_ssp370,15,51,1118.7856104188963
historical,MPI-ESM1-2-HR_r6i1p1f1_ssp370,20,46,1133.8903534586232
historical,MPI-ESM1-2-HR_r7i1p1f1_ssp370,2,64,691.1251273399175
historical,MPI-ESM1-2-HR_r7i1p1f1_ssp370,5,61,888.0973432079834
historical,MPI-ESM1-2-HR_r7i1p1f1_ssp370,10,56,982.3126092416994
historical,MPI-ESM1-2-HR_r7i1p1f1_ssp370,15,51,1014.9113143251953
historical,MPI-ESM1-2-HR_r7i1p1f1_ssp370,20,46,1090.5863466587616
historical,MPI-ESM1-2-HR_r8i1p1f1_ssp370,2,64,469.3242233855344
historical,MPI-ESM1-2-HR_r8i1p1f1_ssp370,5,61,707.0100411067411
historical,MPI-ESM1-2-HR_r8i1p1f1_ssp370,10,56,876.921651941374
historical,MPI-ESM1-2-HR_r8i1p1f1_ssp370,15,51,966.5114732627932
historical,MPI-ESM1-2-HR_r8i1p1f1_ssp370,20,46,993.5699915213448
historical,MPI-ESM1-2-HR_r9i1p1f1_ssp370,2,64,597.8253475571364
historical,MPI-ESM1-2-HR_r9i1p1f1_ssp370,5,61,791.3599073110847
historical,MPI-ESM1-2-HR_r9i1p1f1_ssp370,10,56,899.0300193973665
historical,MPI-ESM1-2-HR_r9i1p1f1_ssp370,15,51,959.6158865290276
historical,MPI-ESM1-2-HR_r9i1p1f1_ssp370,20,46,991.8633629676548
historical,MRI-ESM2-0_r2i1p1f1_ssp370,2,64,681.716886227241
historical,MRI-ESM2-0_r2i1p1f1_ssp370,5,61,880.9394075484946
historical,MRI-ESM2-0_r2i1p1f1_ssp370,10,56,1043.2779542754258
historical,MRI-ESM2-0_r2i1p1f1_ssp370,15,51,1059.749361622612
historical,MRI-ESM2-0_r2i1p1f1_ssp370,20,46,1097.9156220390555
historical,MRI-ESM2-0_r3i1p1f1_ssp370,2,64,709.7499055092012
historical,MRI-ESM2-0_r3i1p1f1_ssp370,5,61,832.3260494916045
historical,MRI-ESM2-0_r3i1p1f1_ssp370,10,56,986.5859354212974
historical,MRI-ESM2-0_r3i1p1f1_ssp370,15,51,1079.009082565495
historical,MRI-ESM2-0_r3i1p1f1_ssp370,20,46,1095.1011510476915
historical,MRI-ESM2-0_r4i1p1f1_ssp370,2,64,716.9422090847238
historical,MRI-ESM2-0_r4i1p1f1_ssp370,5,61,929.2183025298509
historical,MRI-ESM2-0_r4i1p1f1_ssp370,10,56,1067.3930307342791
historical,MRI-ESM2-0_r4i1p1f1_ssp370,15,51,1107.9391799173682
historical,MRI-ESM2-0_r4i1p1f1_ssp370,20,46,1125.3149366088364
historical,MRI-ESM2-0_r5i1p1f1_ssp370,2,64,708.5231388066386
historical,MRI-ESM2-0_r5i1p1f1_ssp370,5,61,831.3687219065105
historical,MRI-ESM2-0_r5i1p1f1_ssp370,10,56,964.6064551465194
historical,MRI-ESM2-0_r5i1p1f1_ssp370,15,51,1042.147968589466
historical,MRI-ESM2-0_r5i1p1f1_ssp370,20,46,1089.5177341359304
projection,ACCESS-CM2_r1i1p1f1_ssp245,2,79,774.2295348368534
projection,ACCESS-CM2_r1i1p1f1_ssp245,5,76,982.7852474816493
projection,ACCESS-CM2_r1i1p1f1_ssp245,10,71,1068.8266171829807
projection,ACCESS-CM2_r1i1p1f1_ssp245,15,66,1137.1082674438285
projection,ACCESS-CM2_r1i1p1f1_ssp245,20,61,1135.3902539646829
projection,ACCESS-CM2_r1i1p1f1_ssp370,2,79,700.0127000429638
projection,ACCESS-CM2_r1i1p1f1_ssp370,5,76,882.6939551059666
projection,ACCESS-CM2_r1i1p1f1_ssp370,10,71,978.6260164140473
projection,ACCESS-CM2_r1i1p1f1_ssp370,15,66,1057.414025747429
projection,ACCESS-CM2_r1i1p1f1_ssp370,20,61,1087.1077065008424
projection,ACCESS-CM2_r1i1p1f1_ssp585,2,79,653.3335180952599
projection,ACCESS-CM2_r1i1p1f1_ssp585,5,76,924.5248443489487
projection,ACCESS-CM2_r1i1p1f1_ssp585,10,71,1033.941095962208
projection,ACCESS-CM2_r1i1p1f1_ssp585,15,66,1084.9889154037776
projection,ACCESS-CM2_r1i1p1f1_ssp585,20,61,1122.8504117253217
projection,ACCESS-CM2_r2i1p1f1_ssp245,2,79,656.4010703140366
projection,ACCESS-CM2_r2i1p1f1_ssp245,5,76,895.8999368753754
projection,ACCESS-CM2_r2i1p1f1_ssp245,10,71,984.5174706954033
projection,ACCESS-CM2_r2i1p1f1_ssp245,15,66,1051.156250109478
projection,ACCESS-CM2_r2i1p1f1_ssp245,20,61,1031.6535898781947
projection,ACCESS-CM2_r2i1p1f1_ssp370,2,79,438.54385900555644
projection,ACCESS-CM2_r2i1p1f1_ssp370,5,76,703.4505849604008
projection,ACCESS-CM2_r2i1p1f1_ssp370,10,71,877.2450903291522
projection,ACCESS-CM2_r2i1p1f1_ssp370,15,66,956.7598922508481
projection,ACCESS-CM2_r2i1p1f1_ssp370,20,61,1024.3899886499805
projection,ACCESS-CM2_r2i1p1f1_ssp585,2,79,705.3537341455474
projection,ACCESS-CM2_r2i1p1f1_ssp585,5,76,869.2147177958628
projection,ACCESS-CM2_r2i1p1f1_ssp585,10,71,1019.7558767920527
projection,ACCESS-CM2_r2i1p1f1_ssp585,15,66,1106.1412293662638
projection,ACCESS-CM2_r2i1p1f1_ssp585,20,61,1165.878378093042
projection,ACCESS-CM2_r3i1p1f1_ssp245,2,79,667.2291653699875
projection,ACCESS-CM2_r3i1p1f1_ssp245,5,76,790.1939450262622
projection,ACCESS-CM2_r3i1p1f1_ssp245,10,71,1058.6120990226766
projection,ACCESS-CM2_r3i1p1f1_ssp245,15,66,1128.7158917046793
projection,ACCESS-CM2_r3i1p1f1_ssp245,20,61,1145.802212647713
projection,ACCESS-CM2_r3i1p1f1_ssp370,2,79,643.5364834312204
projection,ACCESS-CM2_r3i1p1f1_ssp370,5,76,924.5959358047782
projection,ACCESS-CM2_r3i1p1f1_ssp370,10,71,1032.5789530377526
projection,ACCESS-CM2_r3i1p1f1_ssp370,15,66,1129.909861259627
projection,ACCESS-CM2_r3i1p1f1_ssp370,20,61,1156.792007681359
projection,ACCESS-CM2_r3i1p1f1_ssp585,2,79,747.0050392615685
projection,ACCESS-CM2_r3i1p1f1_ssp585,5,76,844.0920114987952
projection,ACCESS-CM2_r3i1p1f1_ssp585,10,71,932.5564516826344
projection,ACCESS-CM2_r3i1p1f1_ssp585,15,66,1004.7705476758825
projection,ACCESS-CM2_r3i1p1f1_ssp585,20,61,1009.2313090757289
projection,CESM2-LENS_r10i1p1f1_ssp370,2,79,751.6268964913797
projection,CESM2-LENS_r10i1p1f1_ssp370,5,76,865.8133592597271
projection,CESM2-LENS_r10i1p1f1_ssp370,10,71,1032.608699639474
projection,CESM2-LENS_r10i1p1f1_ssp370,15,66,1023.0590309951072
projection,CESM2-LENS_r10i1p1f1_ssp370,20,61,1049.4012036482393
projection,CESM2-LENS_r1i1p1f1_ssp370,2,79,680.6736534865577
projection,CESM2-LENS_r1i1p1f1_ssp370,5,76,839.1017313926728
projection,CESM2-LENS_r1i1p1f1_ssp370,10,71,911.232223953971
projection,CESM2-LENS_r1i1p1f1_ssp370,15,66,984.855143682665
projection,CESM2-LENS_r1i1p1f1_ssp370,20,61,1040.0684409173846
projection,CESM2-LENS_r2i1p1f1_ssp370,2,79,684.0637593829857
projection,CESM2-LENS_r2i1p1f1_ssp370,5,76,855.799521139326
projection,CESM2-LENS_r2i1p1f1_ssp370,10,71,940.079839269631
projection,CESM2-LENS_r2i1p1f1_ssp370,15,66,953.865909228516
projection,CESM2-LENS_r2i1p1f1_ssp370,20,61,969.1482546408864
projection,CESM2-LENS_r3i1p1f1_ssp370,2,79,505.4162644781245
projection,CESM2-LENS_r3i1p1f1_ssp370,5,76,729.7802827334878
projection,CESM2-LENS_r3i1p1f1_ssp370,10,71,962.9790879385757
projection,CESM2-LENS_r3i1p1f1_ssp370,15,66,1040.7694454528523
projection,CESM2-LENS_r3i1p1f1_ssp370,20,61,1053.18295230956
projection,CESM2-LENS_r4i1p1f1_ssp370,2,79,622.4788660573349
projection,CESM2-LENS_r4i1p1f1_ssp370,5,76,811.4103225134934
projection,CESM2-LENS_r4i1p1f1_ssp370,10,71,1062.3265376087852
projection,CESM2-LENS_r4i1p1f1_ssp370,15,66,1084.6704273151984
projection,CESM2-LENS_r4i1p1f1_ssp370,20,61,1096.598028375157
projection,CESM2-LENS_r5i1p1f1_ssp370,2,79,729.5189166854461
projection,CESM2-LENS_r5i1p1f1_ssp370,5,76,888.7405014260837
projection,CESM2-LENS_r5i1p1f1_ssp370,10,71,1017.4244566379682
projection,CESM2-LENS_r5i1p1f1_ssp370,15,66,1073.9961970098443
projection,CESM2-LENS_r5i1p1f1_ssp370,20,61,1120.7139528887333
projection,CESM2-LENS_r6i1p1f1_ssp370,2,79,567.6076255052599
projection,CESM2-LENS_r6i1p1f1_ssp370,5,76,807.6616800562391
projection,CESM2-LENS_r6i1p1f1_ssp370,10,71,882.2258798590725
projection,CESM2-LENS_r6i1p1f1_ssp370,15,66,956.4323300333999
projection,CESM2-LENS_r6i1p1f1_ssp370,20,61,935.5400197266897
projection,CESM2-LENS_r7i1p1f1_ssp370,2,79,518.69282240543
projection,CESM2-LENS_r7i1p1f1_ssp370,5,76,799.5510790146773
projection,CESM2-LENS_r7i1p1f1_ssp370,10,71,916.897735919921
projection,CESM2-LENS_r7i1p1f1_ssp370,15,66,983.2053079404211
projection,CESM2-LENS_r7i1p1f1_ssp370,20,61,1049.3109198190516
projection,CESM2-LENS_r8i1p1f1_ssp370,2,79,603.1151566303088
projection,CESM2-LENS_r8i1p1f1_ssp370,5,76,834.2519723596015
projection,CESM2-LENS_r8i1p1f1_ssp370,10,71,905.5537016711569
projection,CESM2-LENS_r8i1p1f1_ssp370,15,66,954.4754813264714
projection,CESM2-LENS_r8i1p1f1_ssp370,20,61,950.9968975156993
projection,CESM2-LENS_r9i1p1f1_ssp370,2,79,701.1838093874867
projection,CESM2-LENS_r9i1p1f1_ssp370,5,76,857.4699430189845
projection,CESM2-LENS_r9i1p1f1_ssp370,10,71,957.0765850927844
projection,CESM2-LENS_r9i1p1f1_ssp370,15,66,998.0451416364381
projection,CESM2-LENS_r9i1p1f1_ssp370,20,61,1030.8202229167123
projection,CNRM-ESM2-1_r1i1p1f2_ssp245,2,79,530.7329837043872
projection,CNRM-ESM2-1_r1i1p1f2_ssp245,5,76,1034.765727017951
projection,CNRM-ESM2-1_r1i1p1f2_ssp245,10,71,1100.9523173338603
projection,CNRM-ESM2-1_r1i1p1f2_ssp245,15,66,1116.57709752822
projection,CNRM-ESM2-1_r1i1p1f2_ssp245,20,61,1164.531687393662
projection,CNRM-ESM2-1_r1i1p1f2_ssp370,2,79,557.9826818325855
projection,CNRM-ESM2-1_r1i1p1f2_ssp370,5,76,696.5130683152165
projection,CNRM-ESM2-1_r1i1p1f2_ssp370,10,71,970.1469281328173
projection,CNRM-ESM2-1_r1i1p1f2_ssp370,15,66,1047.7924243823577
projection,CNRM-ESM2-1_r1i1p1f2_ssp370,20,61,1049.9890436626204
projection,CNRM-ESM2-1_r1i1p1f2_ssp585,2,79,688.8556430994176
projection,CNRM-ESM2-1_r1i1p1f2_ssp585,5,76,812.2746241784364
projection,CNRM-ESM2-1_r1i1p1f2_ssp585,10,71,881.1202035232803
projection,CNRM-ESM2-1_r1i1p1f2_ssp585,15,66,884.3073155480907
projection,CNRM-ESM2-1_r1i1p1f2_ssp585,20,61,939.8767684011149
projection,EC-Earth3-Veg_r1i1p1f1_ssp245,2,79,672.2239509765786
projection,EC-Earth3-Veg_r1i1p1f1_ssp245,5,76,837.8726086656418
projection,EC-Earth3-Veg_r1i1p1f1_ssp245,10,71,1011.3581391652937
projection,EC-Earth3-Veg_r1i1p1f1_ssp245,15,66,1091.8151028156788
projection,EC-Earth3-Veg_r1i1p1f1_ssp245,20,61,1120.6455644748119
projection,EC-Earth3-Veg_r1i1p1f1_ssp370,2,79,648.2759137827888
projection,EC-Earth3-Veg_r1i1p1f1_ssp370,5,76,843.0333526494621
projection,EC-Earth3-Veg_r1i1p1f1_ssp370,10,71,966.8946454027493
projection,EC-Earth3-Veg_r1i1p1f1_ssp370,15,66,1038.991862946251
projection,EC-Earth3-Veg_r1i1p1f1_ssp370,20,61,1026.7252368586494
projection,EC-Earth3-Veg_r1i1p1f1_ssp585,2,79,648.28705440677
projection,EC-Earth3-Veg_r1i1p1f1_ssp585,5,76,936.1148756867311
projection,EC-Earth3-Veg_r1i1p1f1_ssp585,10,71,1015.9634647434559
projection,EC-Earth3-Veg_r1i1p1f1_ssp585,15,66,1064.63331888361
projection,EC-Earth3-Veg_r1i1p1f1_ssp585,20,61,1098.19293439665
projection,EC-Earth3-Veg_r2i1p1f1_ssp245,2,79,576.9136003582607
projection,EC-Earth3-Veg_r2i1p1f1_ssp245,5,76,836.6083223875132
projection,EC-Earth3-Veg_r2i1p1f1_ssp245,10,71,973.2763892863928
projection,EC-Earth3-Veg_r2i1p1f1_ssp245,15,66,1036.1021590469682
projection,EC-Earth3-Veg_r2i1p1f1_ssp245,20,61,1060.9763432010532
projection,EC-Earth3-Veg_r2i1p1f1_ssp370,2,79,709.0973769044576
projection,EC-Earth3-Veg_r2i1p1f1_ssp370,5,76,894.1560076014197
projection,EC-Earth3-Veg_r2i1p1f1_ssp370,10,71,992.993629524429
projection,EC-Earth3-Veg_r2i1p1f1_ssp370,15,66,1004.9317528140658
projection,EC-Earth3-Veg_r2i1p1f1_ssp370,20,61,1033.0901702313743
projection,EC-Earth3-Veg_r2i1p1f1_ssp585,2,79,602.8449305633621
projection,EC-Earth3-Veg_r2i1p1f1_ssp585,5,76,890.4960151995532
projection,EC-Earth3-Veg_r2i1p1f1_ssp585,10,71,1041.7795311165987
projection,EC-Earth3-Veg_r2i1p1f1_ssp585,15,66,1086.069786054674
projection,EC-Earth3-Veg_r2i1p1f1_ssp585,20,61,1092.3839988160967
projection,EC-Earth3-Veg_r3i1p1f1_ssp245,2,79,642.9464583162626
projection,EC-Earth3-Veg_r3i1p1f1_ssp245,5,76,873.0822233889219
projection,EC-Earth3-Veg_r3i1p1f1_ssp245,10,71,923.5776312348258
projection,EC-Earth3-Veg_r3i1p1f1_ssp245,15,66,972.2062648272966
projection,EC-Earth3-Veg_r3i1p1f1_ssp245,20,61,1091.2937009125192
projection,EC-Earth3-Veg_r3i1p1f1_ssp370,2,79,644.6820042392719
projection,EC-Earth3-Veg_r3i1p1f1_ssp370,5,76,834.8108233327628
projection,EC-Earth3-Veg_r3i1p1f1_ssp370,10,71,1079.7547064203013
projection,EC-Earth3-Veg_r3i1p1f1_ssp370,15,66,1139.484707171893
projection,EC-Earth3-Veg_r3i1p1f1_ssp370,20,61,1146.976432101399
projection,EC-Earth3-Veg_r3i1p1f1_ssp585,2,79,653.1566393162866
projection,EC-Earth3-Veg_r3i1p1f1_ssp585,5,76,756.3614245985082
projection,EC-Earth3-Veg_r3i1p1f1_ssp585,10,71,940.2020171728582
projection,EC-Earth3-Veg_r3i1p1f1_ssp585,15,66,979.1464601750158
projection,EC-Earth3-Veg_r3i1p1f1_ssp585,20,61,1045.4812178129405
projection,EC-Earth3-Veg_r4i1p1f1_ssp245,2,79,556.0359224912208
projection,EC-Earth3-Veg_r4i1p1f1_ssp245,5,76,797.16726805168
projection,EC-Earth3-Veg_r4i1p1f1_ssp245,10,71,999.1959170038979
projection,EC-Earth3-Veg_r4i1p1f1_ssp245,15,66,1042.3707353157035
projection,EC-Earth3-Veg_r4i1p1f1_ssp245,20,61,1062.361162160488
projection,EC-Earth3-Veg_r4i1p1f1_ssp370,2,79,612.8394484859746
projection,EC-Earth3-Veg_r4i1p1f1_ssp370,5,76,866.464444533702
projection,EC-Earth3-Veg_r4i1p1f1_ssp370,10,71,986.776028254407
projection,EC-Earth3-Veg_r4i1p1f1_ssp370,15,66,1091.8625502603343
projection,EC-Earth3-Veg_r4i1p1f1_ssp370,20,61,1063.8555905252406
projection,EC-Earth3-Veg_r4i1p1f1_ssp585,2,79,655.1068956890667
projection,EC-Earth3-Veg_r4i1p1f1_ssp585,5,76,779.2223495252547
projection,EC-Earth3-Veg_r4i1p1f1_ssp585,10,71,891.6350475534462
projection,EC-Earth3-Veg_r4i1p1f1_ssp585,15,66,1014.1888926972518
projection,EC-Earth3-Veg_r4i1p1f1_ssp585,20,61,1058.8152729181172
projection,EC-Earth3-Veg_r5i1p1f1_ssp245,2,79,666.8730922282157
projection,EC-Earth3-Veg_r5i1p1f1_ssp245,5,76,810.6176815550571
projection,EC-Earth3-Veg_r5i1p1f1_ssp245,10,71,887.1782505060025
projection,EC-Earth3-Veg_r5i1p1f1_ssp245,15,66,985.6260589772573
projection,EC-Earth3-Veg_r5i1p1f1_ssp245,20,61,1036.6006827506512
projection,EC-Earth3_r1i1p1f1_ssp245,2,79,589.0967089845471
projection,EC-Earth3_r1i1p1f1_ssp245,5,76,788.5390757270172
projection,EC-Earth3_r1i1p1f1_ssp245,10,71,1046.1591437543307
projection,EC-Earth3_r1i1p1f1_ssp245,15,66,1066.8476286994053
projection,EC-Earth3_r1i1p1f1_ssp245,20,61,1084.536442176479
projection,EC-Earth3_r1i1p1f1_ssp370,2,79,496.7505568389606
projection,EC-Earth3_r1i1p1f1_ssp370,5,76,871.0391838872252
projection,EC-Earth3_r1i1p1f1_ssp370,10,71,1001.5004516894151
projection,EC-Earth3_r1i1p1f1_ssp370,15,66,1047.4048669551364
projection,EC-Earth3_r1i1p1f1_ssp370,20,61,1072.3191999995238
projection,EC-Earth3_r1i1p1f1_ssp585,2,79,493.66055054199387
projection,EC-Earth3_r1i1p1f1_ssp585,5,76,824.7314237849525
projection,EC-Earth3_r1i1p1f1_ssp585,10,71,966.4922930516623
projection,EC-Earth3_r1i1p1f1_ssp585,15,66,1019.6015532504438
projection,EC-Earth3_r1i1p1f1_ssp585,20,61,1032.3521348586037
projection,EC-Earth3_r2i1p1f1_ssp245,2,79,664.7856855753389
projection,EC-Earth3_r2i1p1f1_ssp245,5,76,864.7629627600516
projection,EC-Earth3_r2i1p1f1_ssp245,10,71,911.2834922409404
projection,EC-Earth3_r2i1p1f1_ssp245,15,66,962.1008774140296
projection,EC-Earth3_r2i1p1f1_ssp245,20,61,959.4546866093222
projection,EC-Earth3_r3i1p1f1_ssp585,2,79,687.2030098387477
projection,EC-Earth3_r3i1p1f1_ssp585,5,76,838.9904707950649
projection,EC-Earth3_r3i1p1f1_ssp585,10,71,938.7047720502221
projection,EC-Earth3_r3i1p1f1_ssp585,15,66,978.2614803478787
projection,EC-Earth3_r3i1p1f1_ssp585,20,61,1036.8697346073684
projection,EC-Earth3_r4i1p1f1_ssp245,2,79,566.4467168870433
projection,EC-Earth3_r4i1p1f1_ssp245,5,76,888.3059491873631
projection,EC-Earth3_r4i1p1f1_ssp245,10,71,1002.3566237692096
projection,EC-Earth3_r4i1p1f1_ssp245,15,66,1044.0897933794836
projection,EC-Earth3_r4i1p1f1_ssp245,20,61,1079.7776366362075
projection,EC-Earth3_r4i1p1f1_ssp370,2,79,604.5690440416001
projection,EC-Earth3_r4i1p1f1_ssp370,5,76,886.0806212687443
projection,EC-Earth3_r4i1p1f1_ssp370,10,71,938.8031471856433
projection,EC-Earth3_r4i1p1f1_ssp370,15,66,1007.1636353454116
projection,EC-Earth3_r4i1p1f1_ssp370,20,61,1001.4518562045916
projection,EC-Earth3_r4i1p1f1_ssp585,2,79,570.7765429202409
projection,EC-Earth3_r4i1p1f1_ssp585,5,76,767.257683030708
projection,EC-Earth3_r4i1p1f1_ssp585,10,71,890.5367339940589
projection,EC-Earth3_r4i1p1f1_ssp585,15,66,928.5024716473606
projection,EC-Earth3_r4i1p1f1_ssp585,20,61,974.0524558956189
projection,FGOALS-g3_r1i1p1f1_ssp245,2,79,527.3193847277616
projection,FGOALS-g3_r1i1p1f1_ssp245,5,76,934.1790875342092
projection,FGOALS-g3_r1i1p1f1_ssp245,10,71,1077.1535008176202
projection,FGOALS-g3_r1i1p1f1_ssp245,15,66,1105.852290984755
projection,FGOALS-g3_r1i1p1f1_ssp245,20,61,1107.0685743896418
projection,FGOALS-g3_r1i1p1f1_ssp370,2,79,811.4619857787766
projection,FGOALS-g3_r1i1p1f1_ssp370,5,76,927.9194844420766
projection,FGOALS-g3_r1i1p1f1_ssp370,10,71,1045.2407443116856
projection,FGOALS-g3_r1i1p1f1_ssp370,15,66,1131.2561770942834
projection,FGOALS-g3_r1i1p1f1_ssp370,20,61,1143.0007430593887
projection,FGOALS-g3_r1i1p1f1_ssp585,2,79,531.284472382973
projection,FGOALS-g3_r1i1p1f1_ssp585,5,76,727.4287690487778
projection,FGOALS-g3_r1i1p1f1_ssp585,10,71,944.4843953045904
projection,FGOALS-g3_r1i1p1f1_ssp585,15,66,1030.3710110898176
projection,FGOALS-g3_r1i1p1f1_ssp585,20,61,1056.4486471532452
projection,FGOALS-g3_r3i1p1f1_ssp245,2,79,539.2168379336363
projection,FGOALS-g3_r3i1p1f1_ssp245,5,76,862.1547497936378
projection,FGOALS-g3_r3i1p1f1_ssp245,10,71,957.0286209365775
projection,FGOALS-g3_r3i1p1f1_ssp245,15,66,975.9917758385307
projection,FGOALS-g3_r3i1p1f1_ssp245,20,61,1013.3431907650589
projection,FGOALS-g3_r3i1p1f1_ssp370,2,79,795.6237686595623
projection,FGOALS-g3_r3i1p1f1_ssp370,5,76,989.0280910213172
projection,FGOALS-g3_r3i1p1f1_ssp370,10,71,1049.738190674509
projection,FGOALS-g3_r3i1p1f1_ssp370,15,66,1105.4152655585053
projection,FGOALS-g3_r3i1p1f1_ssp370,20,61,1116.0713918383972
projection,FGOALS-g3_r3i1p1f1_ssp585,2,79,709.266944166443
projection,FGOALS-g3_r3i1p1f1_ssp585,5,76,797.2492798758525
projection,FGOALS-g3_r3i1p1f1_ssp585,10,71,1003.4345132620198
projection,FGOALS-g3_r3i1p1f1_ssp585,15,66,1081.9146616484907
projection,FGOALS-g3_r3i1p1f1_ssp585,20,61,1114.2677051093463
projection,FGOALS-g3_r4i1p1f1_ssp245,2,79,668.3947842953712
projection,FGOALS-g3_r4i1p1f1_ssp245,5,76,917.0338115926759
projection,FGOALS-g3_r4i1p1f1_ssp245,10,71,1003.4360880150625
projection,FGOALS-g3_r4i1p1f1_ssp245,15,66,1076.7914966333892
projection,FGOALS-g3_r4i1p1f1_ssp245,20,61,1106.2270620855634
projection,FGOALS-g3_r4i1p1f1_ssp370,2,79,783.5045334964088
projection,FGOALS-g3_r4i1p1f1_ssp370,5,76,980.7598473125996
projection,FGOALS-g3_r4i1p1f1_ssp370,10,71,1037.0004890705109
projection,FGOALS-g3_r4i1p1f1_ssp370,15,66,1102.2114480452167
projection,FGOALS-g3_r4i1p1f1_ssp370,20,61,1114.7031599894513
projection,FGOALS-g3_r4i1p1f1_ssp585,2,79,589.3355717483573
projection,FGOALS-g3_r4i1p1f1_ssp585,5,76,828.637182955684
projection,FGOALS-g3_r4i1p1f1_ssp585,10,71,923.8674929681747
projection,FGOALS-g3_r4i1p1f1_ssp585,15,66,973.9561927362613
projection,FGOALS-g3_r4i1p1f1_ssp585,20,61,1039.771139907818
projection,FGOALS-g3_r5i1p1f1_ssp370,2,79,759.3210773956225
projection,FGOALS-g3_r5i1p1f1_ssp370,5,76,981.0708732485825
projection,FGOALS-g3_r5i1p1f1_ssp370,10,71,1062.0231862823348
projection,FGOALS-g3_r5i1p1f1_ssp370,15,66,1105.0532048413393
projection,FGOALS-g3_r5i1p1f1_ssp370,20,61,1138.7564599469383
projection,GFDL-ESM4_r1i1p1f1_ssp245,2,79,736.7132478667509
projection,GFDL-ESM4_r1i1p1f1_ssp245,5,76,927.878902118787
projection,GFDL-ESM4_r1i1p1f1_ssp245,10,71,964.8501621504851
projection,GFDL-ESM4_r1i1p1f1_ssp245,15,66,1003.1434706759899
projection,GFDL-ESM4_r1i1p1f1_ssp245,20,61,1056.0569448299082
projection,GFDL-ESM4_r1i1p1f1_ssp370,2,79,644.6421351944664
projection,GFDL-ESM4_r1i1p1f1_ssp370,5,76,833.6627347388188
projection,GFDL-ESM4_r1i1p1f1_ssp370,10,71,916.0434647033646
projection,GFDL-ESM4_r1i1p1f1_ssp370,15,66,931.7783332438116
projection,GFDL-ESM4_r1i1p1f1_ssp370,20,61,997.661903081671
projection,GFDL-ESM4_r1i1p1f1_ssp585,2,79,701.329554106389
projection,GFDL-ESM4_r1i1p1f1_ssp585,5,76,920.3996131061525
projection,GFDL-ESM4_r1i1p1f1_ssp585,10,71,1021.594508126031
projection,GFDL-ESM4_r1i1p1f1_ssp585,15,66,1046.0064712258543
projection,GFDL-ESM4_r1i1p1f1_ssp585,20,61,1064.7184387141033
projection,HadGEM3-GC31-LL_r1i1p1f3_ssp245,2,79,695.5086183586973
projection,HadGEM3-GC31-LL_r1i1p1f3_ssp245,5,76,821.8617550526105
projection,HadGEM3-GC31-LL_r1i1p1f3_ssp245,10,71,912.6065619453148
projection,HadGEM3-GC31-LL_r1i1p1f3_ssp245,15,66,1041.5363693527872
projection,HadGEM3-GC31-LL_r1i1p1f3_ssp245,20,61,1130.0540553338556
projection,HadGEM3-GC31-LL_r1i1p1f3_ssp585,2,79,782.9141314711924
projection,HadGEM3-GC31-LL_r1i1p1f3_ssp585,5,76,982.9439066537961
projection,HadGEM3-GC31-LL_r1i1p1f3_ssp585,10,71,1083.329428835116
projection,HadGEM3-GC31-LL_r1i1p1f3_ssp585,15,66,1177.1246550005376
projection,HadGEM3-GC31-LL_r1i1p1f3_ssp585,20,61,1191.4038490089376
projection,HadGEM3-GC31-LL_r2i1p1f3_ssp585,2,79,617.7366453574987
projection,HadGEM3-GC31-LL_r2i1p1f3_ssp585,5,76,924.4547474004936
projection,HadGEM3-GC31-LL_r2i1p1f3_ssp585,10,71,1024.0692320451737
projection,HadGEM3-GC31-LL_r2i1p1f3_ssp585,15,66,1078.4817586851184
projection,HadGEM3-GC31-LL_r2i1p1f3_ssp585,20,61,1105.079748068784
projection,HadGEM3-GC31-LL_r3i1p1f3_ssp585,2,79,768.7655849974135
projection,HadGEM3-GC31-LL_r3i1p1f3_ssp585,5,76,916.2533092578448
projection,HadGEM3-GC31-LL_r3i1p1f3_ssp585,10,71,1053.429023765734
projection,HadGEM3-GC31-LL_r3i1p1f3_ssp585,15,66,1106.28954670084
projection,HadGEM3-GC31-LL_r3i1p1f3_ssp585,20,61,1118.5626251036488
projection,INM-CM5-0_r1i1p1f1_ssp245,2,79,655.9169358994459
projection,INM-CM5-0_r1i1p1f1_ssp245,5,76,920.5783467031812
projection,INM-CM5-0_r1i1p1f1_ssp245,10,71,984.2948551441848
projection,INM-CM5-0_r1i1p1f1_ssp245,15,66,1076.146449462889
projection,INM-CM5-0_r1i1p1f1_ssp245,20,61,1097.1092622004344
projection,INM-CM5-0_r1i1p1f1_ssp370,2,79,588.4633740729114
projection,INM-CM5-0_r1i1p1f1_ssp370,5,76,745.1384635470938
projection,INM-CM5-0_r1i1p1f1_ssp370,10,71,879.890471817326
projection,INM-CM5-0_r1i1p1f1_ssp370,15,66,925.8428906862692
projection,INM-CM5-0_r1i1p1f1_ssp370,20,61,1006.0832701340471
projection,INM-CM5-0_r1i1p1f1_ssp585,2,79,540.698571330955
projection,INM-CM5-0_r1i1p1f1_ssp585,5,76,916.2767758392205
projection,INM-CM5-0_r1i1p1f1_ssp585,10,71,1085.5198855353403
projection,INM-CM5-0_r1i1p1f1_ssp585,15,66,1123.5276721023156
projection,INM-CM5-0_r1i1p1f1_ssp585,20,61,1160.4855448599615
projection,INM-CM5-0_r2i1p1f1_ssp370,2,79,616.6661680899706
projection,INM-CM5-0_r2i1p1f1_ssp370,5,76,814.6400668506773
projection,INM-CM5-0_r2i1p1f1_ssp370,10,71,1002.9443441887946
projection,INM-CM5-0_r2i1p1f1_ssp370,15,66,1067.565441821261
projection,INM-CM5-0_r2i1p1f1_ssp370,20,61,1133.140300393135
projection,INM-CM5-0_r3i1p1f1_ssp370,2,79,730.6365866293927
projection,INM-CM5-0_r3i1p1f1_ssp370,5,76,924.7848333590897
projection,INM-CM5-0_r3i1p1f1_ssp370,10,71,1020.8385239650931
projection,INM-CM5-0_r3i1p1f1_ssp370,15,66,1055.05714716041
projection,INM-CM5-0_r3i1p1f1_ssp370,20,61,1107.0630019110504
projection,INM-CM5-0_r4i1p1f1_ssp370,2,79,638.8367148192447
projection,INM-CM5-0_r4i1p1f1_ssp370,5,76,849.0737746536877
projection,INM-CM5-0_r4i1p1f1_ssp370,10,71,944.5876301348071
projection,INM-CM5-0_r4i1p1f1_ssp370,15,66,988.6912322485257
projection,INM-CM5-0_r4i1p1f1_ssp370,20,61,1065.3515811871148
projection,INM-CM5-0_r5i1p1f1_ssp370,2,79,625.178342565734
projection,INM-CM5-0_r5i1p1f1_ssp370,5,76,885.8066894588795
projection,INM-CM5-0_r5i1p1f1_ssp370,10,71,1068.1498908205413
projection,INM-CM5-0_r5i1p1f1_ssp370,15,66,1089.0683789410086
projection,INM-CM5-0_r5i1p1f1_ssp370,20,61,1099.6851033278085
projection,IPSL-CM6A-LR_r10i1p1f1_ssp370,2,79,774.4494680605749
projection,IPSL-CM6A-LR_r10i1p1f1_ssp370,5,76,952.8411152529109
projection,IPSL-CM6A-LR_r10i1p1f1_ssp370,10,71,1055.7870922724978
projection,IPSL-CM6A-LR_r10i1p1f1_ssp370,15,66,1114.1381102883413
projection,IPSL-CM6A-LR_r10i1p1f1_ssp370,20,61,1138.0928618092735
projection,IPSL-CM6A-LR_r1i1p1f1_ssp245,2,79,662.2663716932354
projection,IPSL-CM6A-LR_r1i1p1f1_ssp245,5,76,916.8960140673946
projection,IPSL-CM6A-LR_r1i1p1f1_ssp245,10,71,1081.9776887836256
projection,IPSL-CM6A-LR_r1i1p1f1_ssp245,15,66,1121.2303611669852
projection,IPSL-CM6A-LR_r1i1p1f1_ssp245,20,61,1132.0195244996523
projection,IPSL-CM6A-LR_r1i1p1f1_ssp370,2,79,653.2200219578784
projection,IPSL-CM6A-LR_r1i1p1f1_ssp370,5,76,843.6995679210947
projection,IPSL-CM6A-LR_r1i1p1f1_ssp370,10,71,934.085588550711
projection,IPSL-CM6A-LR_r1i1p1f1_ssp370,15,66,1001.758894866129
projection,IPSL-CM6A-LR_r1i1p1f1_ssp370,20,61,1061.9015807369226
projection,IPSL-CM6A-LR_r1i1p1f1_ssp585,2,79,530.0144811700811
projection,IPSL-CM6A-LR_r1i1p1f1_ssp585,5,76,856.5657355789444
projection,IPSL-CM6A-LR_r1i1p1f1_ssp585,10,71,987.5112419119548
projection,IPSL-CM6A-LR_r1i1p1f1_ssp585,15,66,1004.1578834971335
projection,IPSL-CM6A-LR_r1i1p1f1_ssp585,20,61,1026.4279883680556
projection,IPSL-CM6A-LR_r2i1p1f1_ssp245,2,79,539.4797876294178
projection,IPSL-CM6A-LR_r2i1p1f1_ssp245,5,76,813.4355744743341
projection,IPSL-CM6A-LR_r2i1p1f1_ssp245,10,71,932.938756312414
projection,IPSL-CM6A-LR_r2i1p1f1_ssp245,15,66,1021.5823318069777
projection,IPSL-CM6A-LR_r2i1p1f1_ssp245,20,61,1059.8577264170738
projection,IPSL-CM6A-LR_r2i1p1f1_ssp370,2,79,712.7457172826398
projection,IPSL-CM6A-LR_r2i1p1f1_ssp370,5,76,1009.469710067047
projection,IPSL-CM6A-LR_r2i1p1f1_ssp370,10,71,1090.7895507988826
projection,IPSL-CM6A-LR_r2i1p1f1_ssp370,15,66,1101.8768112348298
projection,IPSL-CM6A-LR_r2i1p1f1_ssp370,20,61,1127.1030268564343
projection,IPSL-CM6A-LR_r2i1p1f1_ssp585,2,79,768.7985654495874
projection,IPSL-CM6A-LR_r2i1p1f1_ssp585,5,76,820.0027887652001
projection,IPSL-CM6A-LR_r2i1p1f1_ssp585,10,71,946.6275794572493
projection,IPSL-CM6A-LR_r2i1p1f1_ssp585,15,66,1035.2510527369373
projection,IPSL-CM6A-LR_r2i1p1f1_ssp585,20,61,1121.4566603107894
projection,IPSL-CM6A-LR_r3i1p1f1_ssp245,2,79,530.3076822498115
projection,IPSL-CM6A-LR_r3i1p1f1_ssp245,5,76,797.0751667635137
projection,IPSL-CM6A-LR_r3i1p1f1_ssp245,10,71,929.3729008924929
projection,IPSL-CM6A-LR_r3i1p1f1_ssp245,15,66,1012.8870006565635
projection,IPSL-CM6A-LR_r3i1p1f1_ssp245,20,61,1033.6443145661804
projection,IPSL-CM6A-LR_r3i1p1f1_ssp370,2,79,607.262499905788
projection,IPSL-CM6A-LR_r3i1p1f1_ssp370,5,76,920.2466081703839
projection,IPSL-CM6A-LR_r3i1p1f1_ssp370,10,71,1036.259737791764
projection,IPSL-CM6A-LR_r3i1p1f1_ssp370,15,66,1142.68704253446
projection,IPSL-CM6A-LR_r3i1p1f1_ssp370,20,61,1176.9697622744811
projection,IPSL-CM6A-LR_r3i1p1f1_ssp585,2,79,733.7639331658702
projection,IPSL-CM6A-LR_r3i1p1f1_ssp585,5,76,927.0864160526787
projection,IPSL-CM6A-LR_r3i1p1f1_ssp585,10,71,1008.0318206630021
projection,IPSL-CM6A-LR_r3i1p1f1_ssp585,15,66,1056.7868852048841
projection,IPSL-CM6A-LR_r3i1p1f1_ssp585,20,61,1074.3389723564464
projection,IPSL-CM6A-LR_r4i1p1f1_ssp245,2,79,684.0119130194798
projection,IPSL-CM6A-LR_r4i1p1f1_ssp245,5,76,815.2773528372679
projection,IPSL-CM6A-LR_r4i1p1f1_ssp245,10,71,993.2426354114338
projection,IPSL-CM6A-LR_r4i1p1f1_ssp245,15,66,1011.8028856577769
projection,IPSL-CM6A-LR_r4i1p1f1_ssp245,20,61,1055.6027674904021
projection,IPSL-CM6A-LR_r4i1p1f1_ssp370,2,79,596.1806080780661
projection,IPSL-CM6A-LR_r4i1p1f1_ssp370,5,76,773.7982063693402
projection,IPSL-CM6A-LR_r4i1p1f1_ssp370,10,71,1028.644819908512
projection,IPSL-CM6A-LR_r4i1p1f1_ssp370,15,66,1090.613976516754
projection,IPSL-CM6A-LR_r4i1p1f1_ssp370,20,61,1124.6442345380426
projection,IPSL-CM6A-LR_r4i1p1f1_ssp585,2,79,757.178038263386
projection,IPSL-CM6A-LR_r4i1p1f1_ssp585,5,76,860.0875132149915
projection,IPSL-CM6A-LR_r4i1p1f1_ssp585,10,71,991.5434036288716
projection,IPSL-CM6A-LR_r4i1p1f1_ssp585,15,66,1062.8863817468275
projection,IPSL-CM6A-LR_r4i1p1f1_ssp585,20,61,1130.226395978926
projection,IPSL-CM6A-LR_r5i1p1f1_ssp245,2,79,714.6401734256274
projection,IPSL-CM6A-LR_r5i1p1f1_ssp245,5,76,924.471319491708
projection,IPSL-CM6A-LR_r5i1p1f1_ssp245,10,71,992.5109949811464
projection,IPSL-CM6A-LR_r5i1p1f1_ssp245,15,66,1067.5594961577237
projection,IPSL-CM6A-LR_r5i1p1f1_ssp245,20,61,1069.4675745339332
projection,IPSL-CM6A-LR_r5i1p1f1_ssp370,2,79,652.6259539031016
projection,IPSL-CM6A-LR_r5i1p1f1_ssp370,5,76,1018.074539575951
projection,IPSL-CM6A-LR_r5i1p1f1_ssp370,10,71,1066.2909895049481
projection,IPSL-CM6A-LR_r5i1p1f1_ssp370,15,66,1143.8473562284519
projection,IPSL-CM6A-LR_r5i1p1f1_ssp370,20,61,1183.003326943834
projection,IPSL-CM6A-LR_r6i1p1f1_ssp370,2,79,691.2455348845178
projection,IPSL-CM6A-LR_r6i1p1f1_ssp370,5,76,801.3355933896964
projection,IPSL-CM6A-LR_r6i1p1f1_ssp370,10,71,1035.3888734997468
projection,IPSL-CM6A-LR_r6i1p1f1_ssp370,15,66,1084.8502467044284
projection,IPSL-CM6A-LR_r6i1p1f1_ssp370,20,61,1096.2328846167352
projection,IPSL-CM6A-LR_r7i1p1f1_ssp370,2,79,557.8855395239807
projection,IPSL-CM6A-LR_r7i1p1f1_ssp370,5,76,867.4395910083301
projection,IPSL-CM6A-LR_r7i1p1f1_ssp370,10,71,949.9399279330261
projection,IPSL-CM6A-LR_r7i1p1f1_ssp370,15,66,1038.0242873213801
projection,IPSL-CM6A-LR_r7i1p1f1_ssp370,20,61,1091.6513720961957
projection,IPSL-CM6A-LR_r8i1p1f1_ssp370,2,79,526.7788445630358
projection,IPSL-CM6A-LR_r8i1p1f1_ssp370,5,76,836.7572754132619
projection,IPSL-CM6A-LR_r8i1p1f1_ssp370,10,71,1020.9396723206548
projection,IPSL-CM6A-LR_r8i1p1f1_ssp370,15,66,1055.4283443642946
projection,IPSL-CM6A-LR_r8i1p1f1_ssp370,20,61,1037.7988156852648
projection,IPSL-CM6A-LR_r9i1p1f1_ssp370,2,79,651.5200878288133
projection,IPSL-CM6A-LR_r9i1p1f1_ssp370,5,76,841.4694540226595
projection,IPSL-CM6A-LR_r9i1p1f1_ssp370,10,71,922.8468975497084
projection,IPSL-CM6A-LR_r9i1p1f1_ssp370,15,66,971.5476284922365
projection,IPSL-CM6A-LR_r9i1p1f1_ssp370,20,61,1047.1822661131587
projection,KACE-1-0-G_r1i1p1f1_ssp245,2,79,674.1274970023442
projection,KACE-1-0-G_r1i1p1f1_ssp245,5,76,891.6053919142665
projection,KACE-1-0-G_r1i1p1f1_ssp245,10,71,987.1167725786217
projection,KACE-1-0-G_r1i1p1f1_ssp245,15,66,1072.0567862755277
projection,KACE-1-0-G_r1i1p1f1_ssp245,20,61,1100.4825045221908
projection,KACE-1-0-G_r1i1p1f1_ssp370,2,79,600.571826095591
projection,KACE-1-0-G_r1i1p1f1_ssp370,5,76,811.7404230522734
projection,KACE-1-0-G_r1i1p1f1_ssp370,10,71,932.4053334938268
projection,KACE-1-0-G_r1i1p1f1_ssp370,15,66,1054.7915226458
projection,KACE-1-0-G_r1i1p1f1_ssp370,20,61,1073.248806621692
projection,KACE-1-0-G_r1i1p1f1_ssp585,2,79,628.9456312355796
projection,KACE-1-0-G_r1i1p1f1_ssp585,5,76,904.4033900174843
projection,KACE-1-0-G_r1i1p1f1_ssp585,10,71,1025.109561937721
projection,KACE-1-0-G_r1i1p1f1_ssp585,15,66,1060.0409542465886
projection,KACE-1-0-G_r1i1p1f1_ssp585,20,61,1112.558720731879
projection,KACE-1-0-G_r2i1p1f1_ssp245,2,79,516.2213808425149
projection,KACE-1-0-G_r2i1p1f1_ssp245,5,76,789.0067086458992
projection,KACE-1-0-G_r2i1p1f1_ssp245,10,71,1049.8378942531153
projection,KACE-1-0-G_r2i1p1f1_ssp245,15,66,1082.1104819242428
projection,KACE-1-0-G_r2i1p1f1_ssp245,20,61,1154.3631560288875
projection,KACE-1-0-G_r2i1p1f1_ssp370,2,79,680.77878239862
projection,KACE-1-0-G_r2i1p1f1_ssp370,5,76,906.1379199145682
projection,KACE-1-0-G_r2i1p1f1_ssp370,10,71,1006.10234631943
projection,KACE-1-0-G_r2i1p1f1_ssp370,15,66,1055.0162615881293
projection,KACE-1-0-G_r2i1p1f1_ssp370,20,61,1073.4455769613621
projection,KACE-1-0-G_r2i1p1f1_ssp585,2,79,602.832078404907
projection,KACE-1-0-G_r2i1p1f1_ssp585,5,76,794.3568267876617
projection,KACE-1-0-G_r2i1p1f1_ssp585,10,71,983.6816325463824
projection,KACE-1-0-G_r2i1p1f1_ssp585,15,66,1008.1901045319094
projection,KACE-1-0-G_r2i1p1f1_ssp585,20,61,1031.085425665478
projection,KACE-1-0-G_r3i1p1f1_ssp245,2,79,717.8348542313706
projection,KACE-1-0-G_r3i1p1f1_ssp245,5,76,917.0613710411359
projection,KACE-1-0-G_r3i1p1f1_ssp245,10,71,1072.8300125674855
projection,KACE-1-0-G_r3i1p1f1_ssp245,15,66,1134.4383065742734
projection,KACE-1-0-G_r3i1p1f1_ssp245,20,61,1164.1458097486304
projection,KACE-1-0-G_r3i1p1f1_ssp370,2,79,659.2242775270197
projection,KACE-1-0-G_r3i1p1f1_ssp370,5,76,881.7485861041329
projection,KACE-1-0-G_r3i1p1f1_ssp370,10,71,924.6547634812663
projection,KACE-1-0-G_r3i1p1f1_ssp370,15,66,993.845217807997
projection,KACE-1-0-G_r3i1p1f1_ssp370,20,61,1029.938690372815
projection,KACE-1-0-G_r3i1p1f1_ssp585,2,79,657.3084771448275
projection,KACE-1-0-G_r3i1p1f1_ssp585,5,76,896.2429727327705
projection,KACE-1-0-G_r3i1p1f1_ssp585,10,71,997.664833677755
projection,KACE-1-0-G_r3i1p1f1_ssp585,15,66,1056.7736663524777
projection,KACE-1-0-G_r3i1p1f1_ssp585,20,61,1117.2167575829703
projection,MIROC6_r4i1p1f1_ssp585,2,79,552.2274714207597
projection,MIROC6_r4i1p1f1_ssp585,5,76,954.3396816383581
projection,MIROC6_r4i1p1f1_ssp585,10,71,1026.740608928632
projection,MIROC6_r4i1p1f1_ssp585,15,66,1064.8179593530308
projection,MIROC6_r4i1p1f1_ssp585,20,61,1113.5048410585498
projection,MIROC6_r5i1p1f1_ssp585,2,79,702.0232092718034
projection,MIROC6_r5i1p1f1_ssp585,5,76,824.4752942475359
projection,MIROC6_r5i1p1f1_ssp585,10,71,964.2556154640188
projection,MIROC6_r5i1p1f1_ssp585,15,66,1075.956765525109
projection,MIROC6_r5i1p1f1_ssp585,20,61,1094.1407404389574
projection,MPI-ESM1-2-HR_r10i1p1f1_ssp370,2,79,710.9043519970473
projection,MPI-ESM1-2-HR_r10i1p1f1_ssp370,5,76,891.3123528101394
projection,MPI-ESM1-2-HR_r10i1p1f1_ssp370,10,71,964.1404693938133
projection,MPI-ESM1-2-HR_r10i1p1f1_ssp370,15,66,1006.3192349377208
projection,MPI-ESM1-2-HR_r10i1p1f1_ssp370,20,61,1044.320458404796
projection,MPI-ESM1-2-HR_r3i1p1f1_ssp370,2,79,429.1186003269031
projection,MPI-ESM1-2-HR_r3i1p1f1_ssp370,5,76,797.8592437449581
projection,MPI-ESM1-2-HR_r3i1p1f1_ssp370,10,71,907.532079017027
projection,MPI-ESM1-2-HR_r3i1p1f1_ssp370,15,66,965.5000700949507
projection,MPI-ESM1-2-HR_r3i1p1f1_ssp370,20,61,1002.6056532610579
projection,MPI-ESM1-2-HR_r4i1p1f1_ssp370,2,79,498.17006997358476
projection,MPI-ESM1-2-HR_r4i1p1f1_ssp370,5,76,795.5256570590951
projection,MPI-ESM1-2-HR_r4i1p1f1_ssp370,10,71,925.2661247554948
projection,MPI-ESM1-2-HR_r4i1p1f1_ssp370,15,66,933.8784356227608
projection,MPI-ESM1-2-HR_r4i1p1f1_ssp370,20,61,996.3003947782461
projection,MPI-ESM1-2-HR_r5i1p1f1_ssp370,2,79,709.2095024358005
projection,MPI-ESM1-2-HR_r5i1p1f1_ssp370,5,76,824.1611250634218
projection,MPI-ESM1-2-HR_r5i1p1f1_ssp370,10,71,932.9324187671267
projection,MPI-ESM1-2-HR_r5i1p1f1_ssp370,15,66,977.1176546810025
projection,MPI-ESM1-2-HR_r5i1p1f1_ssp370,20,61,1042.1086129063192
projection,MPI-ESM1-2-HR_r6i1p1f1_ssp370,2,79,685.0609680274265
projection,MPI-ESM1-2-HR_r6i1p1f1_ssp370,5,76,834.8169009156476
projection,MPI-ESM1-2-HR_r6i1p1f1_ssp370,10,71,929.0614121031238
projection,MPI-ESM1-2-HR_r6i1p1f1_ssp370,15,66,1018.1062910009714
projection,MPI-ESM1-2-HR_r6i1p1f1_ssp370,20,61,1058.549980284767
projection,MPI-ESM1-2-HR_r7i1p1f1_ssp370,2,79,588.1747792055176
projection,MPI-ESM1-2-HR_r7i1p1f1_ssp370,5,76,813.0679751654927
projection,MPI-ESM1-2-HR_r7i1p1f1_ssp370,10,71,934.0114884358751
projection,MPI-ESM1-2-HR_r7i1p1f1_ssp370,15,66,946.1656171391577
projection,MPI-ESM1-2-HR_r7i1p1f1_ssp370,20,61,947.1741872597013
projection,MPI-ESM1-2-HR_r8i1p1f1_ssp370,2,79,614.6981197459772
projection,MPI-ESM1-2-HR_r8i1p1f1_ssp370,5,76,836.8274392694569
projection,MPI-ESM1-2-HR_r8i1p1f1_ssp370,10,71,958.487181177047
projection,MPI-ESM1-2-HR_r8i1p1f1_ssp370,15,66,988.9462433213305
projection,MPI-ESM1-2-HR_r8i1p1f1_ssp370,20,61,1007.7803993019128
projection,MPI-ESM1-2-HR_r9i1p1f1_ssp370,2,79,739.9894671204293
projection,MPI-ESM1-2-HR_r9i1p1f1_ssp370,5,76,958.3588726924761
projection,MPI-ESM1-2-HR_r9i1p1f1_ssp370,10,71,1048.9074883926805
projection,MPI-ESM1-2-HR_r9i1p1f1_ssp370,15,66,1092.8081217180618
projection,MPI-ESM1-2-HR_r9i1p1f1_ssp370,20,61,1111.2644735314184
projection,MRI-ESM2-0_r2i1p1f1_ssp370,2,79,674.9527495066104
projection,MRI-ESM2-0_r2i1p1f1_ssp370,5,76,873.1122520588222
projection,MRI-ESM2-0_r2i1p1f1_ssp370,10,71,937.9222652839308
projection,MRI-ESM2-0_r2i1p1f1_ssp370,15,66,1070.6257369829207
projection,MRI-ESM2-0_r2i1p1f1_ssp370,20,61,1103.1117426924434
projection,MRI-ESM2-0_r3i1p1f1_ssp370,2,79,588.5400221638611
projection,MRI-ESM2-0_r3i1p1f1_ssp370,5,76,863.7555343588253
projection,MRI-ESM2-0_r3i1p1f1_ssp370,10,71,893.4580287514666
projection,MRI-ESM2-0_r3i1p1f1_ssp370,15,66,945.9629570741304
projection,MRI-ESM2-0_r3i1p1f1_ssp370,20,61,992.0437695850949
projection,MRI-ESM2-0_r4i1p1f1_ssp370,2,79,535.5397324522855
projection,MRI-ESM2-0_r4i1p1f1_ssp370,5,76,915.6439417947273
projection,MRI-ESM2-0_r4i1p1f1_ssp370,10,71,994.9411761099084
projection,MRI-ESM2-0_r4i1p1f1_ssp370,15,66,1054.9904371567136
projection,MRI-ESM2-0_r4i1p1f1_ssp370,20,61,1078.389989968917
projection,MRI-ESM2-0_r5i1p1f1_ssp370,2,79,567.0298494689305
projection,MRI-ESM2-0_r5i1p1f1_ssp370,5,76,749.5168065446603
projection,MRI-ESM2-0_r5i1p1f1_ssp370,10,71,882.9954375759422
projection,MRI-ESM2-0_r5i1p1f1_ssp370,15,66,911.9777387535694
projection,MRI-ESM2-0_r5i1p1f1_ssp370,20,61,953.1583158206871
