Year,Month,Pr (mm),Tasmax (degC),Tasmin (degC),Tave (degC)
1950,1,356.8359583923393,8.306477,-1.7180021,3.2942376
1950,2,197.2565878576695,10.683131,0.2151508,5.449141
1950,3,174.53537881483564,6.986349,-4.9264617,1.0299432
1950,4,81.59559553692073,14.488909,0.05277431,7.270841
1950,5,43.90982523719381,19.113726,3.6009214,11.357323
1950,6,13.26819340095866,24.286808,7.4829044,15.884857
1950,7,0.6774493568971135,29.326033,10.255457,19.790741
1950,8,4.3742814869209825,28.427074,9.9822445,19.204657
1950,9,78.2712324540416,25.470451,8.69861,17.084528
1950,10,175.11860147818146,12.801922,0.43827927,6.6201005
1950,11,81.94269784631601,10.312548,-1.9841367,4.164206
1950,12,84.71008035238513,9.888593,-2.3893764,3.7496076
1951,1,192.1799550054767,6.2668734,-4.5646515,0.85111105
1951,2,90.72260468454304,4.6558256,-7.1898446,-1.2670097
1951,3,121.07986131615179,8.806613,-4.4610243,2.1727943
1951,4,28.02345202100097,14.811996,-1.1604357,6.8257804
1951,5,7.7199648788196225,22.978352,5.655961,14.317156
1951,6,11.999039262319418,24.573017,7.2795396,15.926279
1951,7,4.972321669956744,28.118084,10.243709,19.180897
1951,8,1.7813192193734066,28.629236,9.448111,19.038671
1951,9,0.13852886955005134,25.791945,7.6917605,16.741852
1951,10,106.86868262920947,14.834742,0.79682505,7.8157835
1951,11,231.55700118979007,11.578765,0.3947811,5.986773
1951,12,190.44831492933906,3.2033854,-6.8346915,-1.8156528
1952,1,281.86506869586304,5.160375,-2.808974,1.1757003
1952,2,27.981706902316304,9.027912,-3.3533344,2.8372893
1952,3,171.3158728562971,7.933724,-3.1563818,2.3886719
1952,4,30.04089045141169,12.672734,-1.0524017,5.810166
1952,5,37.3896254309878,21.01882,4.6730347,12.845925
1952,6,2.7864172481484153,24.710949,7.2066026,15.958776
1952,7,0.006950669882940233,31.998928,12.382176,22.190554
1952,8,1.8521721005097758,30.685408,11.859196,21.2723
1952,9,14.428525270649516,27.465685,9.594897,18.53029
1952,10,153.03609332622688,17.674438,2.6083663,10.141401
1952,11,46.07893730082036,6.789823,-6.3028746,0.24347515
1952,12,120.12092852469027,6.080828,-4.074339,1.0032444
1953,1,2.8192591361395767,10.469134,-2.5789914,3.9450712
1953,2,193.6015049100313,5.839427,-6.6502194,-0.40539673
1953,3,71.94690662047411,14.779809,-0.3929957,7.1934075
1953,4,185.99492786182677,10.185686,-2.7714863,3.7070997
1953,5,66.2037701342386,19.167336,4.2058673,11.6866
1953,6,13.520135120830181,21.498844,5.199492,13.349169
1953,7,2.5793689417285903,27.744556,9.892412,18.818481
1953,8,7.015445779558575,27.519304,9.149723,18.334515
1953,9,1.6706881355371008,26.838799,8.64674,17.74277
1953,10,30.59108337294135,19.91239,3.2009835,11.556685
1953,11,198.07625414413098,11.888514,-0.24958378,5.819465
1953,12,268.5058023802533,4.7259517,-4.689891,0.018030077
1954,1,213.10746253215092,9.748824,0.37285063,5.0608373
1954,2,81.16554834917066,8.045906,-4.047603,1.9991515
1954,3,296.0356826631609,8.934305,-1.9626342,3.4858358
1954,4,75.9011851961396,11.714136,-0.68400586,5.515065
1954,5,8.300395951263615,19.55325,3.834684,11.693969
1954,6,50.165444928879246,22.287657,6.436455,14.362053
1954,7,0.13045408718268994,29.326464,10.34776,19.83711
1954,8,3.569011475249669,27.929825,9.801694,18.865759
1954,9,8.068818332214036,23.34995,5.734868,14.542411
1954,10,30.59871967170068,19.935968,4.00932,11.972644
1954,11,132.75650359239788,10.281403,-2.4199018,3.9307513
1954,12,358.11575738396266,5.7646766,-3.2711592,1.2467588
1955,1,323.9238766222696,5.8517385,-3.0822897,1.3847246
1955,2,262.7319681664624,9.952728,-0.8867729,4.5329776
1955,3,6.750606958974228,13.762566,-2.2380588,5.762253
1955,4,58.511070091664514,16.188633,0.26759148,8.22811
1955,5,111.70134930770286,17.388163,2.3102627,9.849214
1955,6,51.79949847814487,19.074781,3.9913344,11.533058
1955,7,0.6621964564970187,30.207016,11.786159,20.996584
1955,8,11.471877351375737,27.792603,9.041424,18.417011
1955,9,5.114067904590664,26.214636,8.347829,17.281233
1955,10,3.6370551874562453,22.286575,5.1056356,13.696104
1955,11,219.40319223660964,8.947795,-1.7719343,3.5879304
1955,12,199.9554099541436,8.369211,-0.51849186,3.9253588
1956,1,171.34906797056445,10.498135,-0.67938733,4.909374
1956,2,46.55437491421001,12.979696,-0.7970831,6.0913067
1956,3,49.7697074633872,15.607744,0.42695978,8.017353
1956,4,177.74770717267174,11.848588,-1.1025734,5.3730063
1956,5,26.528861571677627,19.346947,3.4667656,11.406857
1956,6,26.08849106653403,22.409138,6.5923853,14.500763
1956,7,1.4420665086114897,29.278059,10.357607,19.817831
1956,8,7.8758500209272375,27.412228,8.834969,18.123596
1956,9,0.760568480957533,26.619038,8.226251,17.422646
1956,10,134.06613327023294,19.638083,5.6841893,12.661136
1956,11,192.2299964409954,6.3281407,-5.277478,0.5253312
1956,12,39.05568303241064,7.3532095,-4.712966,1.3201221
1957,1,28.748983449748735,9.730662,-2.0123255,3.859168
1957,2,129.73684595348013,8.836137,-3.3552766,2.7404294
1957,3,158.30698547500785,10.130391,-2.2209654,3.9547126
1957,4,23.26272672554519,16.93995,1.4689963,9.204474
1957,5,50.79109347259352,17.460875,2.3640623,9.912469
1957,6,36.78314954680569,20.938087,5.211551,13.074819
1957,7,9.120635683426476,28.214228,10.335731,19.274975
1957,8,3.4980430836148457,28.60552,10.022953,19.314238
1957,9,55.259841371912934,24.794916,8.265688,16.530302
1957,10,57.261181192274584,17.090942,2.7863734,9.93866
1957,11,77.9970424861291,9.943881,-1.5908967,4.176492
1957,12,143.01036760320628,8.44664,-2.0158045,3.2154179
1958,1,198.11877924040675,5.1521,-4.7129936,0.2195532
1958,2,42.520607233708795,9.907182,-1.9250633,3.991059
1958,3,202.7061482000356,8.124389,-3.4305944,2.346897
1958,4,61.78538290607155,12.708836,-0.9785583,5.865139
1958,5,40.149373596983345,18.101011,3.1418145,10.621414
1958,6,14.753562922528959,24.683538,6.714691,15.699117
1958,7,3.5109343836009232,27.676163,9.698584,18.68737
1958,8,0.6314755739570637,29.188337,10.154533,19.67144
1958,9,0.07019037638984314,27.015106,8.262459,17.638783
1958,10,71.41453561146234,20.842403,5.2166214,13.029513
1958,11,181.99786020771484,16.691738,2.5050442,9.5983925
1958,12,537.3111682744678,5.3980494,-2.2288353,1.5846069
1959,1,436.76362619187114,3.8379462,-3.8362725,0.000836581
1959,2,61.890858101129545,4.8313937,-7.1560907,-1.1623487
1959,3,110.02550309279377,7.5028734,-3.8491833,1.8268452
1959,4,63.99800675257743,11.727494,-1.2974199,5.215038
1959,5,12.493533234352814,20.633362,4.6098084,12.621584
1959,6,5.754818699811314,25.673965,7.8203154,16.747139
1959,7,4.209352387457774,29.704067,10.849286,20.276678
1959,8,1.7437660725643283,29.929264,11.206745,20.568008
1959,9,0.38282620271770396,28.412964,9.708294,19.060627
1959,10,47.94858413190499,20.67051,4.368942,12.519726
1959,11,62.1055439353072,10.964595,-1.9314891,4.516553
1959,12,395.3523101055709,7.105009,-2.2437272,2.4306412
1960,1,33.808951161989846,11.245744,-1.184081,5.030832
1960,2,336.9979815902519,9.032269,-1.396044,3.8181117
1960,3,168.1296353085133,11.7082,-0.90735674,5.4004216
1960,4,27.818492334982608,15.709013,0.33080134,8.019908
1960,5,41.43240469353889,20.80288,4.863709,12.833294
1960,6,16.239556735323376,27.0212,9.272054,18.14663
1960,7,0.23462917944322412,31.22346,12.031385,21.627428
1960,8,4.602586160293034,26.12714,7.8393955,16.983269
1960,9,27.454658484505156,23.703632,6.762001,15.232816
1960,10,125.99670477217826,16.486353,2.0845523,9.285453
1960,11,102.35978934553184,12.139186,-1.4418948,5.3486457
1960,12,155.691079049743,10.315121,-1.463544,4.425788
1961,1,525.3578101275257,4.0793447,-5.1952806,-0.55796754
1961,2,47.69827688726785,9.670223,-2.3399055,3.6651587
1961,3,243.79995873112418,10.033301,-1.4845788,4.274361
1961,4,94.30357088318063,11.63368,-1.2854896,5.174097
1961,5,6.361005331387033,22.48566,5.6819515,14.083806
1961,6,0.03344090348467955,27.527332,8.830248,18.178787
1961,7,0.002316925496893315,30.607582,11.197044,20.902311
1961,8,33.86705409780829,30.317013,12.258189,21.2876
1961,9,17.537089728202034,21.913013,5.1883507,13.550683
1961,10,66.79524070903423,17.710651,1.428091,9.569371
1961,11,92.18605237226974,10.59609,-2.7835734,3.9062583
1961,12,157.35077667779885,6.320986,-4.4823627,0.91931105
1962,1,164.5712771394133,8.582894,-1.658922,3.4619865
1962,2,9.879206598699737,12.018329,-1.3798528,5.319238
1962,3,277.43877230232187,9.5273485,-2.245814,3.6407669
1962,4,117.6047142452922,11.907556,-0.7897476,5.558904
1962,5,16.379069563393077,17.741133,1.883221,9.812176
1962,6,25.68251449142102,23.57196,6.618415,15.095187
1962,7,56.42838080096741,28.088938,11.219824,19.654385
1962,8,5.303541569826737,28.99266,10.213426,19.603046
1962,9,18.102483432391878,23.940493,6.1936426,15.067065
1962,10,8.978699766329044,21.352657,4.1631856,12.757922
1962,11,84.86907404180214,12.680839,-0.36641943,6.157209
1962,12,8.028864492421262,12.287683,-0.29374674,5.9969683
1963,1,180.94317946016812,8.621246,-2.5784218,3.021413
1963,2,190.39868084582199,7.1762624,-3.5679474,1.8041574
1963,3,54.9137572044547,12.664577,-1.4876575,5.5884595
1963,4,83.18653943653928,16.566582,1.9939741,9.280279
1963,5,38.50741545960128,18.659925,3.0396821,10.849804
1963,6,0.5728103480778031,26.043083,7.419459,16.73127
1963,7,3.572768108330372,27.075928,8.986788,18.031357
1963,8,2.5557997264088175,27.53655,9.1101675,18.323359
1963,9,2.1572426450597266,29.48466,11.033724,20.259192
1963,10,120.2652941098451,16.737553,3.130544,9.934049
1963,11,22.247358411183566,14.864816,-0.08668197,7.389067
1963,12,259.10884718377537,6.0582643,-2.9981456,1.5300595
1964,1,83.52709025402987,5.5407057,-5.4954534,0.02262634
1964,2,76.62547120906102,6.223106,-6.7582345,-0.26756382
1964,3,304.67788957152055,8.040913,-2.947057,2.546928
1964,4,90.66015130668355,11.753272,-2.1123683,4.8204517
1964,5,41.53814061889676,17.838737,3.1193771,10.479058
1964,6,31.790889671182022,23.45232,7.5061855,15.479253
1964,7,0.6591125857858692,27.732454,9.626899,18.67968
1964,8,0.006316529008729414,27.39487,8.333509,17.864191
1964,9,1.1303047789609795,25.515257,7.0117416,16.2635
1964,10,60.20896050377815,19.507223,3.7976606,11.652444
1964,11,41.154800342768404,8.228295,-6.180807,1.0237439
1964,12,86.79789940139733,11.476509,-1.3723758,5.0520663
1965,1,101.62054807233437,7.0659413,-4.1809573,1.4424915
1965,2,52.487491263759495,7.2199078,-5.7845225,0.7176927
1965,3,200.40461060215708,11.577181,-1.6227509,4.977215
1965,4,59.56900633381606,13.612228,-0.4126761,6.5997753
1965,5,24.723981835223814,17.836044,2.0998273,9.967936
1965,6,64.43703580011429,21.610056,6.8246365,14.217346
1965,7,1.4576341493914036,29.226873,10.97335,20.100113
1965,8,2.174849970061733,28.773499,10.216292,19.494896
1965,9,6.548928476306383,24.199995,6.463729,15.331861
1965,10,6.749280978781462,22.475954,5.70422,14.090089
1965,11,210.84548315245087,8.881681,-3.2354293,2.8231263
1965,12,198.1520497469783,1.9231935,-7.666193,-2.8714998
1966,1,300.9001418968765,3.9978516,-4.846508,-0.42432824
1966,2,132.2524000006382,10.356257,-0.7642604,4.7959986
1966,3,42.818431745562435,11.22085,-2.5302246,4.345312
1966,4,44.18615773959543,12.73744,-1.2783129,5.7295637
1966,5,52.337287359929476,21.045038,4.488936,12.766987
1966,6,2.6451648843763667,24.99111,7.4431505,16.217129
1966,7,2.483834557864052,30.259623,11.540128,20.89988
1966,8,42.5845873897426,24.907763,7.864595,16.38618
1966,9,5.240573484254243,26.434809,8.186616,17.31071
1966,10,75.95784993542338,19.551083,4.3639965,11.9575405
1966,11,152.5942421175925,7.8796635,-2.8700461,2.5048084
1966,12,209.38061535165227,4.9412255,-3.502102,0.7195617
1967,1,101.47959198888638,3.7715008,-7.1658463,-1.6971732
1967,2,20.714424743430015,8.935348,-3.8943565,2.5204947
1967,3,81.69887769831175,14.110956,-0.14154615,6.9847045
1967,4,30.430174982714153,16.86671,2.2622435,9.564476
1967,5,37.79707111435084,21.37045,5.2046533,13.287551
1967,6,14.831389131114769,23.221972,6.395569,14.80877
1967,7,2.709004030435361,28.70488,10.402218,19.553545
1967,8,0.18280147085178278,28.93143,10.04891,19.49017
1967,9,22.865502417027106,24.90947,7.285058,16.097263
1967,10,65.26831739511546,22.789572,5.8691006,14.329338
1967,11,86.48450462778688,12.303965,0.22107261,6.262518
1967,12,30.05006746919172,10.253054,-2.6039562,3.824549
1968,1,126.44829864648139,9.512338,-2.7849905,3.3636737
1968,2,309.52898553966133,11.233919,-1.1415647,5.0461764
1968,3,309.5372946667943,9.958285,-1.9575828,4.000351
1968,4,110.23967149257228,9.876929,-2.8340483,3.52144
1968,5,62.74347463602315,19.001278,4.1428795,11.57208
1968,6,46.33023688447947,19.046824,4.194233,11.62053
1968,7,7.7667855329087025,25.923578,8.479811,17.201694
1968,8,0.22493487669833515,29.21085,9.971957,19.591402
1968,9,32.074508814367505,22.786137,5.8016543,14.293898
1968,10,33.599032885967155,17.884367,2.098953,9.99166
1968,11,112.7997918679647,10.891092,-1.7487998,4.5711465
1968,12,272.8388103049019,6.293039,-3.1751125,1.5589628
1969,1,238.49192544886083,6.269434,-4.370773,0.9493304
1969,2,67.920571476785,9.361276,-3.0508268,3.1552238
1969,3,337.1430702494093,10.236787,0.004132569,5.1204605
1969,4,80.35720617602414,14.861074,1.5453682,8.203221
1969,5,83.89331369330878,17.879255,2.9334605,10.406359
1969,6,9.560135582533569,24.74203,7.238563,15.990294
1969,7,0.019924545900632487,30.228697,11.065483,20.647093
1969,8,28.811012353921534,29.026093,10.696149,19.861122
1969,9,16.21168938013611,20.693314,4.444066,12.56869
1969,10,94.59270799808665,17.201097,2.8183963,10.009747
1969,11,369.18889887311263,8.560424,-1.9812737,3.289575
1969,12,277.7220662067224,8.654757,-0.72728294,3.9637363
1970,1,301.25792689499065,4.8916316,-5.9433246,-0.52584624
1970,2,173.13352071145601,8.026098,-3.4162772,2.3049107
1970,3,140.20482431583707,8.18634,-4.3414607,1.9224399
1970,4,16.73090479844716,16.460247,0.75542736,8.607837
1970,5,41.16209155782983,19.232021,3.912819,11.57242
1970,6,32.626709359642035,22.962816,6.438177,14.700499
1970,7,10.688683607641389,29.04101,10.802713,19.92186
1970,8,16.79700838206998,29.363188,10.935607,20.149397
1970,9,106.08774141157947,19.960115,4.5290246,12.24457
1970,10,169.4307006668799,11.984508,-1.9643248,5.0100913
1970,11,242.4728976183997,9.484484,-1.8320056,3.8262389
1970,12,81.85127428523697,9.059121,-2.5450547,3.2570329
1971,1,202.84998773726446,6.849319,-2.9840908,1.9326141
1971,2,225.82144856727152,9.085988,-0.3164103,4.3847885
1971,3,422.1654078723919,9.731602,-0.7287215,4.50144
1971,4,33.08937078544763,16.21401,1.6091338,8.911573
1971,5,57.33278443124794,19.848244,3.9822276,11.9152355
1971,6,28.584286022437794,24.426447,7.1236567,15.775051
1971,7,23.099436443681483,29.948656,11.747473,20.848063
1971,8,4.560295260311869,27.19263,8.93108,18.06186
1971,9,10.07051621991154,24.628387,7.0688467,15.848618
1971,10,66.50691941066025,17.109396,2.585032,9.847215
1971,11,396.09971596705947,11.584708,0.68579644,6.1352534
1971,12,287.0120092405822,4.637919,-5.26132,-0.31170088
1972,1,351.6364061865718,5.7888923,-2.75975,1.5145714
1972,2,145.63157183944,8.607877,-2.031966,3.2879553
1972,3,262.72822914536323,9.682541,-1.5713224,4.055609
1972,4,34.70173780584915,14.494585,0.15484557,7.3247147
1972,5,35.65501972768558,18.109774,2.4121184,10.260947
1972,6,11.086882271199444,25.61838,8.353191,16.985786
1972,7,1.5622585607473929,27.624136,9.918532,18.771332
1972,8,13.169501200769407,26.71488,8.652484,17.683683
1972,9,74.61324276756264,23.088758,7.189126,15.138943
1972,10,160.9886649772182,19.08055,4.4235835,11.752066
1972,11,205.86081067359075,10.313444,-1.0285766,4.6424327
1972,12,93.94843026153256,6.739457,-5.1915193,0.7739692
1973,1,103.72018811441437,4.358684,-7.4825892,-1.5619526
1973,2,292.53095075676737,8.5278225,-2.603289,2.9622672
1973,3,320.4893435220039,7.5559807,-4.3440194,1.6059802
1973,4,32.73154901114958,15.144012,0.8088312,7.9764214
1973,5,148.03740366930955,16.242704,1.8227426,9.032723
1973,6,11.728289287295162,24.265543,7.050748,15.658146
1973,7,2.0087622448133207,30.090866,11.197865,20.644363
1973,8,7.326070222182607,29.670822,10.28434,19.977583
1973,9,14.792721976803598,28.12224,9.836074,18.979158
1973,10,97.63231860373703,18.275837,3.6501975,10.963019
1973,11,184.91696842680938,8.045888,-2.342759,2.8515651
1973,12,198.55615159608035,8.141882,-0.5885452,3.7766683
1974,1,46.48171017735154,7.735457,-4.205128,1.7651639
1974,2,117.9492249382645,4.587223,-7.3415613,-1.3771693
1974,3,92.00067186165279,6.835082,-6.0131483,0.41096666
1974,4,121.83435035343987,12.257136,-0.2966892,5.980224
1974,5,28.386568227955653,19.294619,3.5916927,11.443156
1974,6,0.040224393917068314,25.447071,7.4784102,16.462738
1974,7,0.33959787020162024,30.195885,11.272069,20.733974
1974,8,5.3608211598804205,29.228954,11.091469,20.160213
1974,9,0.4634495047062589,27.45846,8.738157,18.098309
1974,10,12.184126728226612,23.563684,6.3530974,14.958392
1974,11,166.74447222562742,9.911084,-2.8599818,3.5255518
1974,12,193.5905913231399,4.2479715,-5.5348616,-0.6434442
1975,1,386.2743137805987,8.32255,-1.0820911,3.6202292
1975,2,39.15931397233622,11.033275,-2.599314,4.2169795
1975,3,188.64078851747564,9.674538,-2.4711254,3.6017063
1975,4,14.164794005425762,16.351028,0.78047514,8.565752
1975,5,107.97111472495739,17.554295,3.2922955,10.423294
1975,6,7.0863265182729815,25.459969,8.488362,16.974167
1975,7,13.564120085016818,24.59212,7.504535,16.048326
1975,8,0.9656686098163708,28.4678,9.427873,18.947834
1975,9,53.05636849470981,23.862104,6.8625956,15.362349
1975,10,16.83819108931156,18.366693,2.3968043,10.381749
1975,11,80.74614575260857,12.960865,-0.19216019,6.3843527
1975,12,112.44874332779229,9.029541,-3.336739,2.8464007
1976,1,249.5394116104148,8.104712,-1.6069273,3.2488928
1976,2,332.60276331883887,7.311328,-3.6164284,1.8474494
1976,3,150.39425737633314,11.823685,-0.44266173,5.6905103
1976,4,131.0028313540068,13.2269,0.7278949,6.9773965
1976,5,100.51145616059195,14.872814,1.9696095,8.421212
1976,6,54.952116245662666,21.368631,6.4258127,13.897221
1976,7,5.885914156797215,28.13685,10.048315,19.092583
1976,8,18.623295874431626,27.558243,9.370614,18.46443
1976,9,2.4438037055928277,28.142609,9.715418,18.929012
1976,10,28.343181491190496,23.232044,7.336765,15.284406
1976,11,55.69925936932318,11.440184,-0.923102,5.2585397
1976,12,149.1161956305744,3.7799854,-7.1919823,-1.7059987
1977,1,280.7957005886138,7.80463,-1.6964812,3.0540743
1977,2,67.19992870971072,5.7886276,-5.694657,0.046985373
1977,3,89.09111253502074,8.879997,-4.740294,2.0698512
1977,4,90.82424897745662,12.153102,-1.1646026,5.49425
1977,5,71.8416781267524,18.287891,3.516029,10.901959
1977,6,18.60538312082824,24.24816,7.2341094,15.741133
1977,7,1.1666239436187156,27.79292,9.298416,18.545664
1977,8,0.11937505251314623,29.204432,10.082429,19.643429
1977,9,16.124245902574668,22.913713,6.401931,14.657824
1977,10,10.489467803803686,19.488781,3.2567673,11.372774
1977,11,108.41304163375669,14.992779,0.29545063,7.6441145
1977,12,37.9635584622589,7.737567,-4.479304,1.6291318
1978,1,319.87535384284365,7.6265826,-2.1818328,2.722375
1978,2,117.2873649361577,9.689849,-0.9388099,4.3755193
1978,3,109.80961056623104,12.909142,-0.69451344,6.1073146
1978,4,104.2551359730226,13.18809,-0.5790751,6.3045073
1978,5,8.346011739229466,22.464409,5.604366,14.034387
1978,6,10.895073094182939,21.262253,4.5350523,12.898651
1978,7,46.6036095294076,29.502571,12.142296,20.822433
1978,8,17.254428685470913,29.432013,11.307147,20.36958
1978,9,63.47011065951518,21.700932,5.9854403,13.843185
1978,10,52.38426069800685,16.003649,1.3688555,8.686252
1978,11,38.95351209577565,10.213589,-2.9164865,3.6485515
1978,12,5.183457939062812,11.805214,-1.6509513,5.0771313
1979,1,70.99724137757121,12.000175,-0.51174784,5.744214
1979,2,37.76791221671279,12.772536,-0.7105169,6.0310097
1979,3,176.2052840760711,12.76307,-0.6208403,6.0711145
1979,4,45.81850513497267,14.714146,-0.37134016,7.1714034
1979,5,73.0717490908914,15.492033,0.83888793,8.165461
1979,6,6.3092483643596395,26.85709,8.547836,17.702465
1979,7,4.491491957579862,27.549633,9.548518,18.549074
1979,8,15.183755203634973,25.152311,7.832195,16.492252
1979,9,0.9385903522160685,24.93586,6.108558,15.52221
1979,10,44.91647948615824,18.474527,2.916629,10.695578
1979,11,206.11386287063442,11.178008,0.12233457,5.6501718
1979,12,335.8113793088537,6.8284793,-2.0237792,2.40235
1980,1,124.98091869163554,6.55096,-3.8657281,1.342616
1980,2,334.6860189638722,9.600253,-1.6305707,3.984841
1980,3,82.38319744082392,10.416291,-3.6471245,3.3845837
1980,4,9.34197830171087,18.443502,1.9825333,10.213017
1980,5,29.37726049804589,20.28376,4.210984,12.247374
1980,6,2.2048303568388232,24.062155,6.084035,15.073095
1980,7,0.7547561059635655,29.281916,10.555326,19.918621
1980,8,0.3853332710912441,29.36575,9.99376,19.679752
1980,9,0.348239008527615,27.01899,8.924313,17.971651
1980,10,39.83233663347933,20.429174,4.848606,12.638891
1980,11,101.50104478911788,11.094746,-0.51420873,5.290269
1980,12,151.80750270060346,9.085219,-1.6620013,3.7116094
1981,1,55.087068221293706,9.088692,-3.658611,2.71504
1981,2,385.3833414334911,8.434655,-1.4880586,3.4732988
1981,3,234.35234042856754,7.700189,-2.8817778,2.4092054
1981,4,54.0190685238038,12.775023,-1.3076303,5.733697
1981,5,34.72211927365031,18.441122,3.356539,10.89883
1981,6,53.7932750500396,23.3201,7.4520955,15.386098
1981,7,4.1281796934435295,28.808136,10.575732,19.691936
1981,8,3.891705705357315,27.06253,8.976498,18.019512
1981,9,0.4116993949035298,27.168413,7.7932634,17.480839
1981,10,22.745216680310882,22.1893,5.807207,13.998254
1981,11,240.877839684246,12.729132,0.5940706,6.661602
1981,12,246.52861548484574,7.4677444,-1.2501972,3.108773
1982,1,301.0619311955699,3.8988366,-5.085747,-0.59345496
1982,2,267.39044462988466,6.698037,-2.793684,1.9521772
1982,3,374.65187051672365,7.6823244,-2.2065766,2.7378736
1982,4,38.51324445074822,16.828827,2.134141,9.481485
1982,5,37.86095222247562,18.7953,3.5070393,11.151168
1982,6,4.3000001667327,27.699188,9.42104,18.560116
1982,7,4.462860826074343,28.087427,10.127879,19.107653
1982,8,36.125898488752526,28.74568,10.621816,19.68375
1982,9,99.37985710830813,24.163055,7.7678246,15.965441
1982,10,35.62974971464846,19.355375,3.9161594,11.635769
1982,11,109.83320817474039,12.761308,1.4052414,7.0832744
1982,12,91.8390564256015,5.114886,-5.887627,-0.38637105
1983,1,271.3638920771053,9.303163,-0.15358198,4.5747914
1983,2,136.07827471683916,6.6957936,-3.8877037,1.4040451
1983,3,39.12865734608435,12.324984,-2.1842027,5.0703907
1983,4,39.65216354060923,13.86739,-0.40250328,6.732444
1983,5,22.04656350743986,19.399048,3.700793,11.549919
1983,6,9.768667679323672,26.467485,8.223045,17.345266
1983,7,0.025809661094530305,29.216112,10.140673,19.678392
1983,8,0.7562208736346796,27.044916,8.942653,17.993786
1983,9,147.20715310277367,17.960117,3.3675926,10.663856
1983,10,1.0564508379153295,20.687706,3.64319,12.165448
1983,11,301.4358027611132,12.484992,0.5970219,6.5410066
1983,12,230.30161720481965,7.380173,-2.1422703,2.6189516
1984,1,367.3143264985435,8.66944,-0.2644055,4.202518
1984,2,117.1515878456,10.279047,-1.009184,4.6349306
1984,3,138.1584664846922,11.831108,-0.7134528,5.5588284
1984,4,127.01392036033349,15.572591,1.7309726,8.651782
1984,5,93.33442449255804,20.186172,4.928528,12.557352
1984,6,40.94140787409891,21.383703,5.461186,13.422444
1984,7,5.7024255129050685,27.672033,9.868536,18.770283
1984,8,25.129545934883183,26.934374,9.15286,18.043615
1984,9,44.64008912687005,25.80989,7.877361,16.843626
1984,10,22.11231721866201,17.67895,1.9623983,9.820675
1984,11,42.61338312724305,12.968935,0.075563684,6.522249
1984,12,29.36194137646893,7.6908703,-3.974856,1.8580071
1985,1,176.59729523433097,5.9604216,-5.3762774,0.29207218
1985,2,228.29402083692125,8.731624,-1.5664257,3.5825982
1985,3,134.42919356828634,11.083771,-2.5360334,4.273869
1985,4,64.296673180464,15.033954,0.41820282,7.7260785
1985,5,25.514125855889077,22.339155,5.289086,13.814119
1985,6,18.82299703547547,24.9913,7.932208,16.461754
1985,7,31.828387272015725,27.323927,10.352931,18.838428
1985,8,1.4458362742913313,28.499,9.736075,19.117538
1985,9,8.036821601187224,24.986774,6.7205515,15.853662
1985,10,30.282315581902516,16.863169,1.7010498,9.282108
1985,11,27.091331830841902,14.621595,0.7880572,7.704826
1985,12,567.486984448201,5.069807,-2.7291102,1.1703488
1986,1,258.7367938373546,5.7760277,-4.2536435,0.761192
1986,2,185.69136291252934,3.0255342,-7.581116,-2.2777915
1986,3,68.42787458900344,14.703805,0.10174091,7.402774
1986,4,142.38404096933746,14.22042,1.0904157,7.6554184
1986,5,160.1975587938591,15.776465,1.7868125,8.781639
1986,6,11.93531887100466,25.839956,8.970856,17.405407
1986,7,15.077615891188163,28.717295,10.800072,19.758682
1986,8,15.890768623669414,29.438608,11.293854,20.366232
1986,9,40.028760060579025,28.858803,10.622376,19.740593
1986,10,47.889195098012586,20.137688,4.771246,12.454467
1986,11,112.74279023222873,13.86728,2.1669707,8.017125
1986,12,518.6966668174472,5.5643163,-2.465101,1.5496073
1987,1,56.4120793007105,7.855042,-3.1648612,2.3450904
1987,2,60.929680365060264,8.964107,-3.8672502,2.548428
1987,3,225.65913100882884,9.009277,-2.8410141,3.0841317
1987,4,127.7393616941681,12.709632,-0.6958429,6.006894
1987,5,116.0487537671415,15.726052,1.7056785,8.715865
1987,6,24.506121836589692,22.236782,6.27987,14.258327
1987,7,6.647063450031828,31.047895,12.287918,21.667906
1987,8,25.492245895771322,26.270687,8.618023,17.444355
1987,9,48.83417669843388,24.766024,7.273517,16.01977
1987,10,136.9701090183207,16.401188,1.8944036,9.147796
1987,11,96.25867676592296,12.023494,-1.0321281,5.495682
1987,12,298.2364824810515,3.4007335,-6.2448344,-1.422051
1988,1,89.3524652656409,3.8254628,-7.578544,-1.8765407
1988,2,35.78133504816662,9.341979,-3.4888244,2.926577
1988,3,164.74500705271907,11.015124,-0.90577,5.0546775
1988,4,89.13689159712327,13.334679,0.22716671,6.780923
1988,5,51.90522621763573,19.007551,3.6757832,11.341665
1988,6,24.612574405233474,20.52657,5.4443426,12.985455
1988,7,33.847358378962184,23.953527,7.9589076,15.956217
1988,8,8.432364307730314,29.381351,10.45352,19.917433
1988,9,36.5739912985829,24.210218,7.1583786,15.6842985
1988,10,21.756844742865752,19.351173,3.6000698,11.475623
1988,11,332.3989169162903,9.779074,-0.41107732,4.6839976
1988,12,413.6371750994363,7.4015927,-0.9262398,3.2376764
1989,1,320.7463688394248,11.840849,2.1870174,7.013934
1989,2,36.44547548770595,12.844143,-0.12111109,6.3615165
1989,3,214.27282929664307,11.5198145,-1.1508228,5.1844964
1989,4,44.01861441560674,17.947609,1.9495701,9.948586
1989,5,62.89867220516348,20.949242,4.885175,12.917209
1989,6,7.9640740218644295,24.62379,7.4839478,16.05387
1989,7,8.55327105359965,27.978815,9.94641,18.962608
1989,8,0.2247929705372365,31.165953,11.729729,21.447844
1989,9,1.5383708236416263,26.515072,8.757488,17.636282
1989,10,99.56156166844788,18.109802,3.7342658,10.922035
1989,11,121.83554665852331,11.071871,-0.42544562,5.323213
1989,12,114.68666910059811,4.245758,-6.5295134,-1.1418777
1990,1,48.758326985432696,4.8776617,-7.1080127,-1.1151757
1990,2,58.5027703584256,10.292392,-2.179144,4.0566235
1990,3,96.38972318976444,10.723549,-2.3060315,4.2087584
1990,4,81.92163116365037,11.27903,-2.751433,4.263798
1990,5,1.7105467012792106,23.371021,5.7742305,14.572628
1990,6,33.3935975231313,23.65935,7.923541,15.791446
1990,7,0.23274294753132163,29.271124,10.533645,19.902388
1990,8,18.843716884136285,28.781332,10.676708,19.729017
1990,9,11.423632309150108,26.41418,8.716932,17.565556
1990,10,18.161014195556092,20.136333,3.467949,11.802143
1990,11,18.376346501640544,15.541878,0.10772357,7.8247995
1990,12,58.447730018775786,8.908689,-3.1733515,2.8676689
1991,1,90.82806144516286,5.89018,-6.608536,-0.3591784
1991,2,164.24014855655525,7.8954,-3.477884,2.2087584
1991,3,147.7630271738594,10.373402,-2.7046065,3.8343976
1991,4,132.82949667877466,13.500761,0.40853465,6.954647
1991,5,85.54237712711422,15.090906,1.2712474,8.181078
1991,6,31.715300601653066,24.452858,8.14798,16.300417
1991,7,3.0890702278718263,28.852243,10.94436,19.898304
1991,8,16.90538894867418,27.99111,10.315471,19.15329
1991,9,11.269832383754336,24.150215,6.916277,15.533248
1991,10,6.846594186995714,20.665129,3.576229,12.120679
1991,11,179.3159446468765,12.347657,1.9302473,7.1389523
1991,12,209.89076150231082,7.881825,-1.8477141,3.017055
1992,1,205.48287520548234,3.8065665,-7.126153,-1.6597939
1992,2,75.78777893772514,10.446471,-2.9461255,3.7501733
1992,3,112.28130631576104,11.39453,-2.1550574,4.6197367
1992,4,71.69242594890906,14.135638,-0.09898597,7.018326
1992,5,33.85341673104305,22.61697,5.975725,14.296348
1992,6,38.03165394396404,23.36795,7.1191363,15.243544
1992,7,0.5092162407273443,30.499067,11.0251045,20.762085
1992,8,0.5007921079667453,31.140446,11.636122,21.388283
1992,9,35.43307947746928,24.447063,7.906518,16.176788
1992,10,177.47855959661982,17.920376,3.8417332,10.881054
1992,11,163.16833963917603,11.269022,0.2042126,5.736617
1992,12,60.909120662769006,6.313734,-4.12848,1.0926274
1993,1,29.33950350614315,7.8293123,-4.5271997,1.6510564
1993,2,205.12427593964395,8.433031,-1.720181,3.3564253
1993,3,81.45340069064503,10.3964,-2.5623562,3.9170227
1993,4,48.67663803447032,12.72259,-1.7720734,5.4752584
1993,5,17.36152115151013,20.854887,5.0279174,12.941403
1993,6,1.8758989110813302,28.212212,10.176992,19.194601
1993,7,21.995704589458814,28.164476,10.899587,19.53203
1993,8,13.84553734865936,24.412107,7.291112,15.851611
1993,9,58.996234298784074,23.945414,6.894206,15.41981
1993,10,30.190626969701313,20.180426,3.5277433,11.854086
1993,11,195.74974751947633,10.837965,-0.5473407,5.145313
1993,12,92.13095626408148,9.608906,-1.5582851,4.02531
1994,1,203.2793050159573,7.648467,-2.4524384,2.5980139
1994,2,162.28865718091697,11.184576,-0.4560539,5.3642616
1994,3,66.92888398962468,12.021401,-0.7915849,5.6149096
1994,4,56.41927149732155,13.8246565,0.19820935,7.011433
1994,5,97.33636317254417,16.657309,2.1567528,9.407032
1994,6,29.07047070595759,24.889372,8.494699,16.692036
1994,7,21.588441805103866,29.751541,11.852795,20.802166
1994,8,1.324784133501263,26.056879,7.476613,16.76675
1994,9,18.67350798171569,23.116343,5.5426607,14.329502
1994,10,13.415876039430588,22.254929,5.3003435,13.777636
1994,11,63.12003700475514,10.882246,-3.066641,3.9078016
1994,12,232.06915306384658,9.915915,0.0786474,4.9972796
1995,1,88.73387950595448,8.289573,-3.5307095,2.3794315
1995,2,373.47255243936485,7.452286,-2.1660018,2.6431422
1995,3,134.41804859083848,13.797552,-0.23170877,6.7829223
1995,4,65.86809184837092,11.396158,-2.0416806,4.677239
1995,5,28.140139311063198,22.288923,6.0015545,14.14524
1995,6,2.7501254187742976,28.169477,10.195877,19.182676
1995,7,1.2421517228474819,28.441578,10.990744,19.71616
1995,8,22.885349717084267,28.838522,11.219655,20.029087
1995,9,10.30445360596845,26.452269,9.359843,17.906055
1995,10,70.19483964640092,23.619917,8.223916,15.921915
1995,11,39.74535054487258,11.028606,-2.551999,4.238303
1995,12,100.81452345580246,5.167735,-5.916108,-0.3741868
1996,1,91.97510125031003,4.9947743,-5.888701,-0.4469637
1996,2,103.44093619665024,7.3405757,-4.415796,1.4623907
1996,3,21.593146230363992,13.482948,-1.7502372,5.8663564
1996,4,28.46227671829,17.51535,2.0039065,9.759629
1996,5,73.02529250025367,17.02572,2.7794785,9.902599
1996,6,0.2856980290331368,27.870974,9.428087,18.64953
1996,7,2.3567385542875043,32.279163,13.334425,22.806795
1996,8,9.327483475146595,28.447311,10.1876545,19.317482
1996,9,59.22842950854614,25.277027,8.112138,16.694586
1996,10,12.501591508689941,20.151257,3.8197985,11.985528
1996,11,118.72742828770097,11.384171,-1.021812,5.181179
1996,12,153.0778132887416,5.866748,-4.456397,0.70517504
1997,1,10.593104499395851,11.317322,-2.5500476,4.383637
1997,2,89.77156801498555,11.933842,-1.4688685,5.232488
1997,3,191.7355635051806,9.652308,-2.3528779,3.6497152
1997,4,94.08672002198719,12.035526,-1.9608023,5.037362
1997,5,28.343942210764734,20.453558,4.305549,12.379554
1997,6,4.823760454658984,26.275358,8.246033,17.260696
1997,7,7.317605671226783,29.596062,11.4387665,20.517418
1997,8,0.10708911451725742,29.522743,10.134241,19.82849
1997,9,0.5364570406681178,27.72096,9.354366,18.537663
1997,10,121.87775506638906,20.824532,5.663219,13.2438755
1997,11,120.19959787241812,12.317081,-0.39730084,5.9598894
1997,12,176.50073889826038,8.847823,-1.9231167,3.4623528
1998,1,133.54170857773505,9.366815,-1.7723545,3.7972307
1998,2,144.87934291409033,11.3471,-0.13524196,5.6059294
1998,3,81.845181941428,14.649183,0.43739834,7.5432916
1998,4,130.40754241551085,13.959643,0.4157347,7.1876893
1998,5,71.20832471179683,18.2794,2.865229,10.572313
1998,6,15.941723417365445,27.699541,10.466075,19.082806
1998,7,45.609388560040465,27.330225,10.707784,19.019003
1998,8,0.334974354590275,28.556469,10.013225,19.284847
1998,9,61.72660887794774,24.426083,6.9463167,15.686199
1998,10,10.310647385011585,22.091345,5.0190687,13.555207
1998,11,140.40809537755828,9.438591,-3.6131833,2.9127035
1998,12,173.06251617244618,10.308735,0.89855117,5.6036434
1999,1,438.58116811050024,8.853944,0.39410755,4.624026
1999,2,233.30330489466039,8.929828,-2.1888628,3.370483
1999,3,205.50656719088514,12.72973,-0.84356046,5.9430847
1999,4,68.69329814160504,15.945072,1.3839948,8.664535
1999,5,111.29263406504182,18.349182,4.260551,11.304867
1999,6,10.294713679644902,23.63087,7.2917204,15.461297
1999,7,1.136617942096305,32.24391,13.462971,22.853436
1999,8,0.6480311681677543,28.515375,9.493912,19.004642
1999,9,2.1991585022781726,28.931787,10.23831,19.585049
1999,10,70.8686001733254,22.738337,6.5143566,14.626346
1999,11,204.21146013699405,11.978772,0.7667874,6.3727794
1999,12,274.71364694936466,7.176863,-1.3117514,2.9325562
2000,1,237.4912774215387,3.6694689,-6.2814093,-1.3059698
2000,2,131.1591430048847,2.7153492,-8.927528,-3.1060894
2000,3,205.35075708931734,8.486806,-2.253522,3.1166418
2000,4,100.83446395749905,11.991183,-1.3612003,5.3149915
2000,5,30.197681156281444,16.953775,1.950138,9.451956
2000,6,12.708512555559924,25.771545,8.151599,16.96157
2000,7,7.6291644657195965,30.72003,12.215572,21.467802
2000,8,1.7495472579090534,32.113453,12.77839,22.44592
2000,9,22.13984909957115,28.281723,10.656601,19.469162
2000,10,28.24381849092944,20.260353,4.6754427,12.467898
2000,11,244.91464858843202,12.396615,0.4564423,6.426528
2000,12,155.71543353324554,7.396315,-3.862404,1.7669557
2001,1,538.1409018460105,6.2576833,-2.3583722,1.9496558
2001,2,286.4926280082972,9.836625,-1.5668232,4.1349015
2001,3,227.9026778670372,7.5812345,-3.1019053,2.2396643
2001,4,24.619560248730895,14.615463,0.13486093,7.375162
2001,5,0.12307549677149954,24.17895,6.3113313,15.245139
2001,6,19.598849373039712,26.192787,9.465211,17.828995
2001,7,4.427911300028404,30.409266,12.007038,21.208155
2001,8,25.722181487490133,29.565758,11.783914,20.674833
2001,9,80.89647593511704,23.322802,7.194971,15.258884
2001,10,5.33395033717143,21.47347,4.775769,13.124621
2001,11,71.37636456914504,13.841551,-0.5929375,6.624308
2001,12,78.76114710353389,7.280919,-4.9358077,1.1725559
2002,1,89.68893386405794,7.346251,-4.697699,1.3242755
2002,2,40.28892573410741,9.694984,-3.892491,2.9012465
2002,3,200.50582177974366,10.747903,-2.583527,4.082188
2002,4,51.02944823603479,13.603143,-0.6327704,6.485186
2002,5,1.3341087104225744,23.970772,6.508635,15.239705
2002,6,13.984295209473759,25.270288,7.3175073,16.293898
2002,7,0.2036345516923349,31.67318,12.590604,22.131891
2002,8,1.8465300377525022,29.90136,11.528884,20.715122
2002,9,0.034948957578891715,28.11278,9.472087,18.792435
2002,10,10.004153528824778,25.007257,7.4236145,16.215437
2002,11,219.75663370194326,9.910915,-2.031881,3.939517
2002,12,211.02285688554716,4.5010834,-5.574105,-0.53651035
2003,1,339.575628694859,4.0925117,-6.161215,-1.0343518
2003,2,313.4685343689427,5.8087025,-4.7984223,0.5051406
2003,3,155.3864003260916,8.243437,-3.7242267,2.2596054
2003,4,111.54932143225838,15.677485,1.8031902,8.740337
2003,5,31.97560579974855,18.485247,2.9477167,10.716484
2003,6,31.13684266735224,23.277754,7.0655403,15.171643
2003,7,4.765753656550148,29.929955,12.062403,20.99618
2003,8,7.940997226221785,29.302122,10.68783,19.994978
2003,9,0.41446606355301,30.004911,11.723755,20.864332
2003,10,0.37920903457212535,24.534575,6.980687,15.757634
2003,11,233.99812916585904,11.583509,-0.68302155,5.4502444
2003,12,323.85310079372357,8.635791,-0.9469035,3.8444436
2004,1,182.09061738465127,11.379066,1.415439,6.397252
2004,2,205.04266248087467,9.3902,-1.9529841,3.7186084
2004,3,223.33503445635063,13.302519,0.39491326,6.848716
2004,4,66.60001851892208,17.100014,2.4327366,9.766375
2004,5,68.90996613948982,18.494099,3.726404,11.1102495
2004,6,12.504672059784072,25.008589,8.33617,16.672379
2004,7,0.1173242713016639,30.339819,11.860495,21.100157
2004,8,0.742028763831899,29.295288,11.299944,20.297617
2004,9,2.4711509581119055,26.565102,8.680214,17.622656
2004,10,100.76767098366041,18.684868,3.7575495,11.221209
2004,11,6.495646161839137,13.255596,-0.2243065,6.515644
2004,12,102.83462723602783,10.510333,-0.8302229,4.8400545
2005,1,190.68594502465342,9.03102,-1.6035897,3.713716
2005,2,433.69657426077663,7.331374,-2.4652627,2.4330559
2005,3,174.71060315033554,11.133343,-0.9033402,5.1150002
2005,4,119.32457364653628,13.573877,0.2471269,6.9105015
2005,5,34.15127740582441,19.222233,4.4849854,11.853609
2005,6,22.15319598250998,24.515253,8.049186,16.282217
2005,7,2.506098525572238,32.178986,13.25451,22.716747
2005,8,4.197861469917492,28.967335,10.66703,19.81718
2005,9,1.4347952850877121,27.394938,9.1758,18.285372
2005,10,50.406066877152,20.507181,4.967102,12.737142
2005,11,161.2435438973301,9.685748,-1.8691494,3.9082997
2005,12,139.33789588348495,8.401593,-2.3345594,3.0335162
2006,1,218.02838152942513,5.408017,-5.6042743,-0.098128155
2006,2,254.25318282721088,10.940783,-0.8710948,5.0348434
2006,3,82.75596578510026,14.149046,1.0928736,7.6209598
2006,4,124.453844091907,15.880352,2.1611345,9.020743
2006,5,29.19434344732808,17.572859,2.7943769,10.183618
2006,6,24.310092456292402,22.507217,6.638149,14.572684
2006,7,0.6602748424170077,31.663643,12.501325,22.082485
2006,8,16.277954017113256,26.306053,8.860385,17.58322
2006,9,2.0562792259200697,26.114561,8.451166,17.282864
2006,10,0.40540138562183015,23.28331,4.8079996,14.045655
2006,11,52.547187016192616,17.381952,2.2586234,9.820287
2006,12,39.21952232855124,10.253461,-2.8162723,3.7185946
2007,1,239.90706465059574,4.1119337,-7.1344366,-1.5112514
2007,2,479.494746095268,4.295903,-4.79954,-0.25181866
2007,3,56.58236004668095,13.398742,-0.25525963,6.57174
2007,4,172.0122459314878,14.047605,0.71918726,7.383396
2007,5,37.35749163238119,18.189068,2.8827207,10.535894
2007,6,13.600667145646884,27.686056,9.360849,18.523455
2007,7,0.27927399874679076,29.402746,10.959733,20.181238
2007,8,3.500993867735005,31.996248,13.384703,22.69048
2007,9,69.99571321253543,24.369518,7.512907,15.941214
2007,10,23.43838403675772,20.37034,4.2164383,12.293389
2007,11,68.72074480539213,12.228273,-0.7040993,5.762088
2007,12,175.81120360758084,10.302131,-0.734157,4.783987
2008,1,387.0901267227567,9.4897175,-1.0802332,4.2047424
2008,2,176.58078896183196,11.099982,-0.5793168,5.260333
2008,3,68.71289736014266,14.026822,0.11897676,7.0728993
2008,4,67.20516764311473,13.131718,-1.3074663,5.9121256
2008,5,20.79308581555544,20.989544,4.7559085,12.872728
2008,6,9.002343091035549,26.439207,8.489829,17.464518
2008,7,0.00832903799802554,31.72509,12.471615,22.09835
2008,8,8.632580106201678,29.262802,10.75233,20.007566
2008,9,4.929161806417598,23.468067,5.8210692,14.644567
2008,10,28.42793289923657,20.706911,4.8485074,12.77771
2008,11,1.7158081355662445,15.513303,0.773414,8.143358
2008,12,210.76126037367433,5.224974,-4.756567,0.23420376
2009,1,121.23583277693461,1.3178618,-9.401781,-4.0419593
2009,2,36.642332366764904,11.374779,-1.6179671,4.878405
2009,3,97.775340345405,13.605393,-0.36327398,6.62106
2009,4,56.08072517611664,16.331648,2.1029558,9.217302
2009,5,80.53180683521833,23.622406,7.690563,15.656485
2009,6,46.65648421739722,25.400759,8.68177,17.041265
2009,7,1.6830375890076834,30.286459,11.941451,21.113955
2009,8,1.688295715388237,29.05314,10.2759,19.66452
2009,9,1.6828851528992568,29.066082,10.995839,20.030962
2009,10,57.35004797537926,20.26566,4.8615203,12.563589
2009,11,133.73086100292477,10.623576,-1.5582188,4.5326796
2009,12,46.989652090705604,7.8814545,-3.614866,2.1332943
2010,1,6.811140604085567,10.396698,-3.0960293,3.650335
2010,2,99.0922477377601,10.330364,-1.7049745,4.3126945
2010,3,47.6377026058661,16.965078,1.7519851,9.358532
2010,4,59.104372932030834,19.497963,3.4081638,11.453066
2010,5,28.834761666593717,22.073338,5.222606,13.647975
2010,6,5.992525475543724,26.389706,9.0746155,17.732157
2010,7,0.6782490833654148,30.439137,11.599171,21.019152
2010,8,0.6406519318689992,29.526154,11.129344,20.327747
2010,9,2.208427073507194,27.473646,9.786613,18.63013
2010,10,129.11484733750063,17.91576,4.0418463,10.978802
2010,11,48.19481633141542,13.396048,0.11180955,6.753929
2010,12,121.07964856712027,9.831895,-1.6852486,4.073323
2011,1,162.1223368751453,7.5748243,-3.687126,1.943849
2011,2,83.89036436260862,6.035902,-5.8998213,0.06804058
2011,3,183.39406707469954,10.923903,-0.3817531,5.271075
2011,4,61.6862885841226,15.970166,1.175375,8.572771
2011,5,158.14565218809346,17.913542,3.9938996,10.95372
2011,6,82.21850284118433,24.426373,9.648494,17.037432
2011,7,0.3516345655440615,30.856646,12.428314,21.642479
2011,8,1.8398477282298138,30.717632,11.86178,21.289707
2011,9,0.9241562776813155,28.53584,10.013779,19.274807
2011,10,24.985431210502835,24.733118,8.292949,16.513037
2011,11,169.50089956865565,9.997362,-2.2740898,3.8616366
2011,12,180.1921938551656,8.32991,-3.1252031,2.602353
2012,1,318.80275075673325,10.441075,-0.7446273,4.848224
2012,2,137.38339596001526,14.060326,1.4243051,7.7423153
2012,3,119.39185882525761,14.822949,1.0460759,7.934512
2012,4,22.97583798391111,19.677277,3.2195313,11.448403
2012,5,49.71445113259549,21.244102,4.7741866,13.009144
2012,6,2.0330484224940646,28.321642,10.300702,19.311172
2012,7,0.1160581263328305,29.377045,11.18437,20.280708
2012,8,4.3692996618347975,29.80375,11.237104,20.520426
2012,9,49.19108385965768,22.408615,6.047636,14.228126
2012,10,115.90961977794332,19.491812,5.0681257,12.279967
2012,11,61.55079277965238,9.39809,-2.4431052,3.477492
2012,12,63.87589817516841,6.094514,-5.9571414,0.068686225
2013,1,267.632413890244,7.4061556,-2.343321,2.531417
2013,2,338.67786558344636,10.567536,-1.1700423,4.698746
2013,3,59.34629065130644,11.852615,-2.6587884,4.5969133
2013,4,5.715617897391273,23.2886,5.6294446,14.45902
2013,5,11.459568362887323,26.25943,7.9605494,17.109991
2013,6,2.7015427732295514,31.134825,12.322436,21.728632
2013,7,2.2993481939546845,31.37782,13.483422,22.430618
2013,8,7.123986574216842,29.33371,11.068929,20.201319
2013,9,8.86243405587047,26.705599,9.169964,17.937782
2013,10,58.4967437120709,15.725519,1.4823289,8.603924
2013,11,223.50714234190698,8.582717,-2.6264944,2.9781113
2013,12,73.38066623896431,4.330266,-7.4665794,-1.568157
2014,1,90.94966915973673,10.447774,-2.0118442,4.217965
2014,2,265.35919024866524,10.0755,-1.0856819,4.494909
2014,3,107.15270985308156,15.784257,2.583085,9.18367
2014,4,25.88487213460812,20.131739,3.519291,11.825516
2014,5,198.57305065675567,17.379648,3.546044,10.462845
2014,6,50.43374158630655,26.426043,9.904896,18.165468
2014,7,2.3646467075841033,29.146282,11.550403,20.348345
2014,8,3.3688633078254218,31.897173,13.64534,22.771255
2014,9,23.986867430361674,25.783777,9.124247,17.454012
2014,10,53.41569377129169,18.042398,2.9035478,10.472973
2014,11,69.79190732790185,13.646491,0.019576825,6.8330336
2014,12,34.62352530914597,13.840628,1.2279913,7.5343094
